country,title,salary_min,salary_max,employment_type,category,posting_date,location,is_estimated,company_name,exchange_rate,salary_min_pln,salary_max_pln,salary_avg_pln,salary_spread_pct,IT_seniority_level,day_of_week,has_salary
pl,Financial Services Lead Mainframe Expert,262080.0,302400.0,full_time,IT,2026-03-06 02:23:03+00:00,"Poznań, wielkopolskie",False,Link Group,1.0,262080.0,302400.0,282240.0,15.384615384615385,Senior,Friday,True
us,Lead IT Systems Engineer - Public Sector,161557.55,161557.55,full_time,Engineering Jobs,2026-02-20 06:06:32+00:00,"Columbus, Muscogee County",True,Lumen,3.6167,584305.1910849999,584305.1910849999,584305.1910849999,0.0,,Friday,True
us,IT Business Analyst/HR,143907.56,143907.56,full_time,IT,2026-02-10 04:57:41+00:00,"Philadelphia, Philadelphia County",True,World Wide Technology,3.6167,520470.47225199995,520470.47225199995,520470.47225199995,0.0,Not Specified,Tuesday,True
us,"VP, IT Finance",158345.73,158345.73,Not specified,Accounting & Finance Jobs,2026-01-27 19:39:21+00:00,"Edgewater Park, Burlington County",True,Burlington,3.6167,572689.001691,572689.001691,572689.001691,0.0,,Tuesday,True
pl,Analityk IT Analityczka IT,277200.0,327600.0,full_time,IT,2026-03-14 02:32:49+00:00,"Łódź, łódzkie",False,ASTEK Polska,1.0,277200.0,327600.0,302400.0,18.181818181818183,Not Specified,Saturday,True
pl,Data Science Lead – AI Platform,288000.0,360000.0,full_time,IT,2026-02-11 02:14:55+00:00,"Poznań, wielkopolskie",False,Link Group,1.0,288000.0,360000.0,324000.0,25.0,Senior,Wednesday,True
gb,IT Security Analyst,28000.0,28000.0,Not specified,IT,2026-03-27 22:41:28+00:00,"Bedford, Bedfordshire",False,Total IT Technology Solutions Ltd,4.8935,137018.0,137018.0,137018.0,0.0,Not Specified,Friday,True
gb,IT Business Analyst,143000.0,169000.0,Not specified,IT,2026-03-30 23:39:48+00:00,"Havant, Hampshire",False,Harvey Nash,4.8935,699770.5,827001.5000000001,763386.0,18.181818181818198,Not Specified,Monday,True
gb,IT Operations Manager,40484.64,40484.64,full_time,IT,2026-03-20 16:23:16+00:00,"Wakefield, West Yorkshire",True,Team17 Digital,4.8935,198111.58584,198111.58584,198111.58584,0.0,Not Specified,Friday,True
pl,IT System Administrator,80004.0,99996.0,full_time,IT,2026-03-06 02:15:45+00:00,"Szczecin, zachodniopomorskie",False,Embla Medical,1.0,80004.0,99996.0,90000.0,24.988750562471875,Not Specified,Friday,True
pl,Analityk Analityczka IT,277200.0,327600.0,full_time,IT,2026-03-18 02:07:55+00:00,"Warszawa, mazowieckie",False,ASTEK Polska,1.0,277200.0,327600.0,302400.0,18.181818181818183,Not Specified,Wednesday,True
pl,Starszy a Architekt ka Systemów Rozproszonych,,,full_time,IT,2026-04-02 03:07:37+00:00,Polska,False,Symfonia,1.0,,,,,Senior,Thursday,False
gb,IT Trainer,26261.15,26261.15,Not specified,IT,2026-03-26 19:38:04+00:00,"Belfast, Northern Ireland",True,Fieldfisher,4.8935,128508.93752500002,128508.93752500002,128508.93752500002,0.0,Not Specified,Thursday,True
gb,Trainee IT Support Technician,22000.0,32000.0,full_time,IT,2026-03-26 16:24:22+00:00,"Birmingham, West Midlands",False,Netcom Online Learning,4.8935,107657.00000000001,156592.0,132124.5,45.45454545454544,Junior,Thursday,True
us,"Youth Development Specialist - Relocation to Hershey, PA Required",56974.46,56974.46,full_time,Healthcare & Nursing Jobs,2025-10-03 01:06:18+00:00,"Dalhart, Dallam County",True,Milton Hershey School,3.6167,206059.52948199998,206059.52948199998,206059.52948199998,0.0,,Friday,True
us,IT & Data Services Manager,88925.78,88925.78,full_time,IT,2026-02-13 10:03:57+00:00,"Highland Park, Dallas",True,InterXion Holding N.V.,3.6167,321617.868526,321617.868526,321617.868526,0.0,Not Specified,Friday,True
pl,System Analyst,262080.0,312480.0,full_time,IT,2026-03-21 02:07:57+00:00,"Warszawa, mazowieckie",False,Neontri,1.0,262080.0,312480.0,287280.0,19.230769230769234,Not Specified,Saturday,True
gb,IT Project Manager – Systems & Integrations,50000.0,55000.0,full_time,IT,2026-03-08 17:12:13+00:00,"Sutton Coldfield, West Midlands",False,Chapman Tate Associates,4.8935,244675.00000000003,269142.5,256908.75,9.999999999999986,Not Specified,Sunday,True
pl,Hadoop Big Data Developer @ Red Global,,,full_time,IT,2026-03-18 02:49:27+00:00,Polska,False,Red Global,1.0,,,,,Not Specified,Wednesday,False
gb,IT Security Architect - AWS - Manchester,75000.0,75000.0,Not specified,IT,2026-03-13 10:43:56+00:00,"Manchester, Greater Manchester",False,Circle Group,4.8935,367012.50000000006,367012.50000000006,367012.50000000006,0.0,Not Specified,Friday,True
us,"Intern, IT",45247.9,45247.9,Not specified,IT,2026-03-28 22:05:58+00:00,"Somerset, Somerset County",True,Terumo Medical Corporation,3.6167,163648.07993,163648.07993,163648.07993,0.0,Junior,Saturday,True
pl,Technik Utrzymania Ruchu – Wózki Widłowe Mobilny,117600.0,168000.0,full_time,IT,2026-03-24 02:09:50+00:00,"Ożarów Mazowiecki, mazowieckie",False,JOBS LINK,1.0,117600.0,168000.0,142800.0,42.857142857142854,Not Specified,Tuesday,True
us,$250/60min Paid Market Research Study for IT Infrastructure Manager in the IT Sector,84272.52,84272.52,Not specified,IT,2026-03-14 10:37:21+00:00,"Nichols Hills, Oklahoma County",True,Ivy Exec,3.6167,304788.423084,304788.423084,304788.423084,0.0,Not Specified,Saturday,True
gb,IT Applications Manager,169000.0,182000.0,Not specified,IT,2026-03-09 19:09:54+00:00,"London, UK",False,Context Recruitment Limited,4.8935,827001.5000000001,890617.0000000001,858809.2500000001,7.692307692307692,Not Specified,Monday,True
us,Licensed Mental Health Counselor,74167.32,74167.32,Not specified,Healthcare & Nursing Jobs,2026-02-11 17:30:10+00:00,"Islip, Suffolk County",True,Headway,3.6167,268240.946244,268240.946244,268240.946244,0.0,,Wednesday,True
us,"Director, IT - Remote",178766.52,178766.52,full_time,IT,2026-03-10 08:46:19+00:00,"Washington, Washington, D.C.",True,Circle,3.6167,646544.872884,646544.872884,646544.872884,0.0,Not Specified,Tuesday,True
us,Instacart Delivery Driver - Flexible Hours,63006.19,63006.19,part_time,Hospitality & Catering Jobs,2026-02-16 05:34:02+00:00,"Sewaren, Woodbridge",True,Instacart Shoppers,3.6167,227874.48737299998,227874.48737299998,227874.48737299998,0.0,,Monday,True
pl,Senior IT Operations Specialist - Oracle DB,182400.0,277200.0,full_time,IT,2026-03-19 02:14:04+00:00,"Gdańsk, Trójmiasto",False,Jit Team,1.0,182400.0,277200.0,229800.0,51.973684210526315,Senior,Thursday,True
pl,Analiza Systemowa Architektura IT,,,full_time,IT,2026-03-14 02:33:54+00:00,"Warszawa, mazowieckie",False,B2Bnetwork,1.0,,,,,Not Specified,Saturday,False
pl,IT Developer,,,Not specified,IT,2026-02-21 04:25:12+00:00,"Gdańsk, Trójmiasto",False,B2B.NET S.A.,1.0,,,,,Not Specified,Saturday,False
gb,Gopuff Delivery Drivers or Riders,34869.03,34869.03,Not specified,Travel Jobs,2026-04-01 05:09:05+00:00,"Corbridge, Northumberland",True,Gopuff,4.8935,170631.59830500002,170631.59830500002,170631.59830500002,0.0,,Wednesday,True
pl,Senior ABAP Developer,300000.0,324000.0,full_time,IT,2026-02-04 01:47:59+00:00,"Kraków, małopolskie",False,Awareson Sp. z o.o.,1.0,300000.0,324000.0,312000.0,8.0,Senior,Wednesday,True
us,IT Business Analyst/HR,134302.48,134302.48,full_time,IT,2026-02-10 04:57:38+00:00,"Colorado Springs, El Paso County",True,World Wide Technology,3.6167,485731.779416,485731.779416,485731.779416,0.0,Not Specified,Tuesday,True
gb,Service Manager (Young People Accommodation),38701.73,38701.73,Not specified,Social work Jobs,2026-03-11 21:07:46+00:00,UK,True,HAYS,4.8935,189386.91575500002,189386.91575500002,189386.91575500002,0.0,,Wednesday,True
gb,Apprentice Educator,22880.0,22880.0,Not specified,Teaching Jobs,2026-03-19 17:55:02+00:00,"Lowfield Heath, Crawley",False,Busy Bees,4.8935,111963.28000000001,111963.28000000001,111963.28000000001,0.0,,Thursday,True
gb,Amazon Flex Delivery Driver - Earn £14 - £18 per hour*,14.0,18.0,Not specified,Logistics & Warehouse Jobs,2026-04-02 02:38:09+00:00,"Little Laver, Ongar",False,Amazon Flex,4.8935,822.108,1056.996,939.5520000000001,28.57142857142859,,Thursday,True
gb,Decorator (Self-Employed),42654.65,42654.65,Not specified,Trade & Construction Jobs,2025-05-16 09:51:17+00:00,"Moray, Scotland",True,MyJobQuote,4.8935,208730.52977500003,208730.52977500003,208730.52977500003,0.0,,Friday,True
pl,Python Developer with AI ML – Internal IT f m x,,,full_time,IT,2026-03-14 02:32:28+00:00,"Szczecin, zachodniopomorskie",False,Sii,1.0,,,,,Junior,Saturday,False
gb,Legal IT Trainer,40000.0,40000.0,Not specified,IT,2026-04-03 09:10:58+00:00,"Manchester, Greater Manchester",False,Circle Group,4.8935,195740.00000000003,195740.00000000003,195740.00000000003,0.0,Not Specified,Friday,True
pl,Python Developer with AI ML – Internal IT f m x,,,full_time,IT,2026-03-14 02:32:28+00:00,"Bydgoszcz, kujawsko-pomorskie",False,Sii,1.0,,,,,Junior,Saturday,False
gb,Junior IT Engineer,27976.0,27976.0,full_time,IT,2026-03-24 15:49:36+00:00,"Ipswich, Suffolk",False,Liquidline,4.8935,136900.556,136900.556,136900.556,0.0,Junior,Tuesday,True
us,Teachers at Forest Park West KinderCare,67039.42,67039.42,full_time,Teaching Jobs,2026-02-01 04:28:51+00:00,"Forest Park, Hamilton County",True,KinderCare Education,3.6167,242461.47031399998,242461.47031399998,242461.47031399998,0.0,,Sunday,True
pl,Specjalista ds. IT,78000.0,108000.0,Not specified,IT,2026-03-11 23:35:26+00:00,Polska,False,Kayser Automotive Systems Kłodzko Sp. z o.o.,1.0,78000.0,108000.0,93000.0,38.46153846153847,Not Specified,Wednesday,True
us,IT SPECIALIST - SR. IT SPECIALIST - IT Software Licensing Specialist,87102.16,87102.16,Not specified,IT,2026-03-31 01:58:59+00:00,"San Antonio, Bexar County",True,Southwest Research Institute,3.6167,315022.382072,315022.382072,315022.382072,0.0,Not Specified,Tuesday,True
us,Psychiatry Physician,91387.06,91387.06,Not specified,Healthcare & Nursing Jobs,2026-04-02 04:11:03+00:00,"Hillview, Bonneville County",True,AMN Healthcare,3.6167,330519.57990199997,330519.57990199997,330519.57990199997,0.0,,Thursday,True
gb,Regional Quantity Surveyor,65353.76,65353.76,Not specified,Trade & Construction Jobs,2026-02-24 10:27:19+00:00,"London, UK",True,HAYS,4.8935,319808.62456,319808.62456,319808.62456,0.0,,Tuesday,True
gb,Plasterer (Self-Employed),47182.57,47182.57,Not specified,Trade & Construction Jobs,2025-05-16 09:50:16+00:00,"Grimsby, North East Lincolnshire",True,MyJobQuote,4.8935,230887.90629500002,230887.90629500002,230887.90629500002,0.0,,Friday,True
gb,Interim Financial Controller,79144.9,79144.9,Not specified,Accounting & Finance Jobs,2026-02-24 10:27:19+00:00,UK,True,HAYS,4.8935,387295.56815,387295.56815,387295.56815,0.0,,Tuesday,True
pl,New Business Development Specialst @ Edge One Solutions Sp. z o.o.,,,full_time,IT,2026-03-31 02:47:24+00:00,"Warszawa, mazowieckie",False,Edge One Solutions Sp. z o.o.,1.0,,,,,Not Specified,Tuesday,False
pl,Join Our IT Talent Pool - COBOL Developer,,,full_time,IT,2026-03-14 02:07:22+00:00,Polska,False,emagine Polska,1.0,,,,,Not Specified,Saturday,False
us,Advanced Navy IT Systems Training Instructor,65793.88,65793.88,full_time,IT,2026-03-01 06:17:59+00:00,"Virginia Beach, Virginia Beach City",True,Govcio LLC,3.6167,237956.725796,237956.725796,237956.725796,0.0,Not Specified,Sunday,True
us,IT Testing Engineer II,70664.73,70664.73,full_time,IT,2026-03-13 13:10:13+00:00,"Schiller Park, Cook County",True,Conduent,3.6167,255573.12899099998,255573.12899099998,255573.12899099998,0.0,Not Specified,Friday,True
gb,Amazon Flex Delivery Driver - Earn £14 - £18 per hour*,14.0,18.0,Not specified,Logistics & Warehouse Jobs,2026-04-02 02:38:09+00:00,"Lower Sydenham, South East London",False,Amazon Flex,4.8935,822.108,1056.996,939.5520000000001,28.57142857142859,,Thursday,True
gb,Bathroom Fitter (Self-Employed),47885.47,47885.47,Not specified,Trade & Construction Jobs,2025-05-16 09:51:43+00:00,"Langford, Biggleswade",True,MyJobQuote,4.8935,234327.54744500003,234327.54744500003,234327.54744500003,0.0,,Friday,True
us,Lead IT Systems Engineer - Public Sector,179201.78,179201.78,full_time,Engineering Jobs,2026-02-20 06:06:33+00:00,"West Jordan, Salt Lake County",True,Lumen,3.6167,648119.077726,648119.077726,648119.077726,0.0,,Friday,True
pl,DORA Technical SME Network Security IT Security m f d,,,full_time,IT,2026-02-06 01:59:06+00:00,"Warszawa, mazowieckie",False,digatus personal GmbH,1.0,,,,,Not Specified,Friday,False
pl,IT Analyst / Consultant @ Ework Group,1680.0,1800.0,full_time,IT,2026-03-20 01:43:31+00:00,Polska,False,Ework Group,1.0,20160.0,21600.0,20880.0,7.142857142857142,Not Specified,Friday,True
gb,Trainee IT Support,18000.0,25000.0,Not specified,IT,2026-03-19 16:07:45+00:00,"Bordesley Green, Birmingham",False,DCA Recruitment,4.8935,88083.00000000001,122337.50000000001,105210.25000000001,38.888888888888886,Junior,Thursday,True
pl,IT Sales / Business Development Specialist @ White Label Coders,96000.0,144000.0,full_time,IT,2026-03-24 01:44:59+00:00,Polska,False,White Label Coders,1.0,96000.0,144000.0,120000.0,50.0,Not Specified,Tuesday,True
pl,Starszy_a Analityk_czka Aplikacji Ferryt @ ING BANK ŚLĄSKI SPÓŁKA AKCYJNA,180000.0,204000.0,full_time,IT,2026-03-31 02:47:25+00:00,"Katowice, śląskie",False,ING BANK ŚLĄSKI SPÓŁKA AKCYJNA,1.0,180000.0,204000.0,192000.0,13.333333333333334,Senior,Tuesday,True
us,IT Service Technician,51189.04,51189.04,Not specified,IT,2026-03-27 10:12:57+00:00,"Orlando, Orange County",True,GovCIO,3.6167,185135.400968,185135.400968,185135.400968,0.0,Not Specified,Friday,True
us,Emergency Medicine Physician,83311.22,83311.22,Not specified,Healthcare & Nursing Jobs,2026-03-30 15:58:49+00:00,"Summerfield, Marion County",True,AMN Healthcare,3.6167,301311.689374,301311.689374,301311.689374,0.0,,Monday,True
us,"Director, IT - Remote",210991.06,210991.06,full_time,IT,2026-03-10 08:46:21+00:00,"South Boston, Suffolk County",True,Circle,3.6167,763091.3667019999,763091.3667019999,763091.3667019999,0.0,Not Specified,Tuesday,True
gb,IT Project Manager,50000.0,60000.0,full_time,IT,2026-03-19 16:11:47+00:00,"Watford, Hertfordshire",False,P3M Recruitment,4.8935,244675.00000000003,293610.0,269142.5,19.999999999999986,Not Specified,Thursday,True
pl,Specjalista / Specjalistka ds. wsparcia IT (Piaseczno),,,full_time,Unknown,2026-03-03 22:54:46+00:00,"Piaseczno, mazowieckie",False,Leroy Merlin Polska Sp. z o.o.,1.0,,,,,,Tuesday,False
pl,"Senior Java Developer/Developerka @ AVENGA (Agencja Pracy, nr KRAZ: 8448)",1740.0,1920.0,full_time,IT,2026-03-24 01:44:53+00:00,"Warszawa, mazowieckie",False,AVENGA ,1.0,20880.0,23040.0,21960.0,10.344827586206897,Senior,Tuesday,True
pl,Samodzielna Księgowa / Samodzielny Księgowy @ Antal,120000.0,180000.0,full_time,IT,2026-02-19 01:31:08+00:00,"Tychy, śląskie",False,Antal,1.0,120000.0,180000.0,150000.0,50.0,Not Specified,Thursday,True
pl,AI Engineer,,,full_time,IT,2026-03-03 02:00:17+00:00,"Warszawa, mazowieckie",False,WealthArc,1.0,,,,,Not Specified,Tuesday,False
pl,Support IT Specialist,,,full_time,IT,2026-03-11 02:41:25+00:00,"Białystok, podlaskie",False,Aventus Group,1.0,,,,,Not Specified,Wednesday,False
gb,Painter & Decorator (Self-Employed),42586.36,42586.36,Not specified,Trade & Construction Jobs,2025-05-16 09:50:08+00:00,"Worcestershire, West Midlands",True,MyJobQuote,4.8935,208396.35266000003,208396.35266000003,208396.35266000003,0.0,,Friday,True
pl,Spawacz / Monter - stal kwasoodporna k/m,78000.0,120000.0,full_time,IT,2026-03-05 02:20:20+00:00,"Ożarów Mazowiecki, mazowieckie",False,Level Work,1.0,78000.0,120000.0,99000.0,53.84615384615385,Not Specified,Thursday,True
us,"Youth Development Specialist - Relocation to Hershey, PA Required",77136.96,77136.96,full_time,Healthcare & Nursing Jobs,2025-10-03 01:20:20+00:00,"Seaside, Monterey County",True,Milton Hershey School,3.6167,278981.24323200004,278981.24323200004,278981.24323200004,0.0,,Friday,True
pl,Analityk IT,126000.0,201600.0,full_time,IT,2026-03-18 02:08:28+00:00,"Warszawa, mazowieckie",False,Jit Team,1.0,126000.0,201600.0,163800.0,60.0,Not Specified,Wednesday,True
pl,Pracownik magazynowy w NRF - Jankowo Gdańskie @ JAGA Recruitment,,,full_time,IT,2026-03-17 01:43:19+00:00,Polska,False,JAGA Recruitment,1.0,,,,,Not Specified,Tuesday,False
us,IT Testing Engineer,62304.69,62304.69,full_time,IT,2026-03-13 12:57:50+00:00,"South Boston, Suffolk County",True,Conduent,3.6167,225337.372323,225337.372323,225337.372323,0.0,Not Specified,Friday,True
gb,IT Manager,50000.0,50000.0,Not specified,IT,2026-03-17 14:40:09+00:00,"Glasgow, Scotland",False,KAG Recruitment Consultancy Ltd,4.8935,244675.00000000003,244675.00000000003,244675.00000000003,0.0,Not Specified,Tuesday,True
gb,IT Support Technician,1000.0,27000.0,full_time,IT,2026-03-30 11:37:08+00:00,"Belle Isle, Leeds",False,Steeper Group,4.8935,4893.5,132124.5,68509.0,2600.0,Not Specified,Monday,True
gb,Sales Associate - Uncapped Commission,25087.0,25087.0,full_time,Sales Jobs,2026-03-18 23:40:22+00:00,UK,False,EE,4.8935,122763.2345,122763.2345,122763.2345,0.0,,Wednesday,True
gb,IT Solutions Analyst,41777.96,41777.96,full_time,IT,2026-04-01 20:02:46+00:00,"Bristol, South West England",True,Hays Specialist Recruitment Limited,4.8935,204440.44726000002,204440.44726000002,204440.44726000002,0.0,Not Specified,Wednesday,True
pl,Ekspert da. automatyzacji K/M,178200.0,197400.0,full_time,Inżynieria,2026-03-21 02:04:25+00:00,"Gdańsk, Trójmiasto",False,Workhouse4you,1.0,178200.0,197400.0,187800.0,10.774410774410773,,Saturday,True
us,IT Project Manager,145877.98,145877.98,Not specified,IT,2026-03-27 10:12:10+00:00,"Trammells, Harris County",True,Kforce Technology Staffing,3.6167,527596.8902660001,527596.8902660001,527596.8902660001,0.0,Not Specified,Friday,True
pl,Administrator / Administratorka IT / IT Helpdesk,,,Not specified,IT,2026-03-22 18:14:43+00:00,"Ożarów Mazowiecki, mazowieckie",False,Dressler Dublin Sp. z o.o.,1.0,,,,,Not Specified,Sunday,False
us,IT Specialist with Security Clearance,52311.43,52311.43,Not specified,IT,2026-03-17 15:42:00+00:00,"Somerset, Montgomery County",True,The MASY Group LLC,3.6167,189194.74888099998,189194.74888099998,189194.74888099998,0.0,Not Specified,Tuesday,True
pl,Senior IT Security & IAM Consultant,156000.0,264000.0,full_time,IT,2026-03-18 02:07:48+00:00,"Katowice, śląskie",False,Reply Polska Sp. z o. o.,1.0,156000.0,264000.0,210000.0,69.23076923076923,Senior,Wednesday,True
pl,Network Operations Center Engineer,282240.0,322560.0,full_time,IT,2026-03-03 02:00:17+00:00,"Wrocław, dolnośląskie",False,Infogain,1.0,282240.0,322560.0,302400.0,14.285714285714285,Not Specified,Tuesday,True
pl,Administrator Systemów Linux @ Unity-T Group,120000.0,180000.0,full_time,IT,2025-05-26 17:54:58+00:00,"Kraków, małopolskie",False,Unity-T Group,1.0,120000.0,180000.0,150000.0,50.0,Not Specified,Monday,True
gb,IT Software Administrator,28000.0,38000.0,full_time,IT,2026-03-10 15:01:47+00:00,"Oxford, Oxfordshire",False,Ellison Institute of Technology,4.8935,137018.0,185953.00000000003,161485.5,35.71428571428574,Not Specified,Tuesday,True
us,Dental IT Field Service Technician,45082.37,45082.37,Not specified,IT,2026-04-03 14:04:20+00:00,"Gurnee, Lake County",True,PerCSoft Consulting,3.6167,163049.407579,163049.407579,163049.407579,0.0,Not Specified,Friday,True
us,IT Systems Administrator,42536.23,42536.23,Not specified,IT,2026-03-27 10:13:08+00:00,"Asheboro, Randolph County",True,Randolph Electric Membership Corporation,3.6167,153840.78304100002,153840.78304100002,153840.78304100002,0.0,Not Specified,Friday,True
us,Lead IT Systems Engineer - Public Sector,157422.44,157422.44,full_time,Engineering Jobs,2026-02-18 18:00:43+00:00,"Hagerstown, Washington County",True,Lumen,3.6167,569349.738748,569349.738748,569349.738748,0.0,,Wednesday,True
us,$250/60min Paid Market Research Study for IT Infrastructure Manager in the IT Sector,86590.31,86590.31,Not specified,IT,2026-03-14 10:38:47+00:00,"San Diego, San Diego County",True,Ivy Exec,3.6167,313171.17417699995,313171.17417699995,313171.17417699995,0.0,Not Specified,Saturday,True
us,$250/60min Paid Market Research Study for VP of IT in the IT Sector,93179.55,93179.55,Not specified,IT,2026-03-13 10:30:05+00:00,"Phoenix, Maricopa County",True,Ivy Exec,3.6167,337002.47848499997,337002.47848499997,337002.47848499997,0.0,Not Specified,Friday,True
gb,Audit and Accounts Senior,40667.63,40667.63,Not specified,Accounting & Finance Jobs,2026-02-24 10:27:15+00:00,"Blackpool, Lancashire",True,HAYS,4.8935,199007.047405,199007.047405,199007.047405,0.0,,Tuesday,True
pl,IT Tech Lead IT Designer with German,206400.0,310800.0,full_time,IT,2026-03-15 02:03:24+00:00,"Gdańsk, Trójmiasto",False,Sollers Consulting Sp. z.o.o,1.0,206400.0,310800.0,258600.0,50.58139534883721,Senior,Sunday,True
pl,IT Infrastructure Operations Engineer – Digital Workplace,,,full_time,IT,2026-04-03 03:11:30+00:00,"Kraków, małopolskie",False,Amer Sports,1.0,,,,,Not Specified,Friday,False
gb,Business Development Manager,50000.0,50000.0,full_time,Sales Jobs,2026-03-31 21:02:58+00:00,"Selsey, Chichester",False,VIQU IT Recruitment,4.8935,244675.00000000003,244675.00000000003,244675.00000000003,0.0,,Tuesday,True
us,$250/60min Paid Market Research Study for IT Infrastructure Manager in the IT Sector,70156.62,70156.62,Not specified,IT,2026-03-14 10:36:43+00:00,US,True,Ivy Exec,3.6167,253735.44755399998,253735.44755399998,253735.44755399998,0.0,Not Specified,Saturday,True
gb,IT Project Delivery Engineer,35000.0,39000.0,full_time,IT,2026-03-27 22:18:34+00:00,"Melton Mowbray, Leicestershire",False,Get Staffed Online Recruitment Limited,4.8935,171272.5,190846.50000000003,181059.5,11.428571428571447,Not Specified,Friday,True
gb,Bathroom Fitter (Self-Employed),43444.07,43444.07,Not specified,Trade & Construction Jobs,2025-05-16 09:50:59+00:00,"Harrow, London",True,MyJobQuote,4.8935,212593.55654500003,212593.55654500003,212593.55654500003,0.0,,Friday,True
pl,Analityk IT Analityczka IT,277200.0,327600.0,full_time,IT,2026-03-14 02:32:49+00:00,"Lublin, lubelskie",False,ASTEK Polska,1.0,277200.0,327600.0,302400.0,18.181818181818183,Not Specified,Saturday,True
us,"Houseparents - Relocation to Hershey, PA Required",69506.84,69506.84,full_time,Healthcare & Nursing Jobs,2025-10-03 01:17:18+00:00,"Arlington, Baltimore",True,Milton Hershey School,3.6167,251385.38822799997,251385.38822799997,251385.38822799997,0.0,,Friday,True
pl,Technik IT,,,Not specified,IT,2026-03-06 22:57:59+00:00,"Gdańsk, Trójmiasto",False,NAUTICOM TECHNOLOGY sp. z o.o.,1.0,,,,,Not Specified,Friday,False
us,"IT Specialist 1/IT Support Assistant, 2 - C with Security Clearance",42481.55,42481.55,Not specified,IT,2026-03-05 05:02:16+00:00,"Ashburn, Loudoun County",True,Telos Corporation,3.6167,153643.021885,153643.021885,153643.021885,0.0,Not Specified,Thursday,True
us,"Manager Internal Audit, IT",130875.71,130875.71,full_time,Accounting & Finance Jobs,2026-02-18 10:05:21+00:00,"Charlotte, Mecklenburg County",True,Atrium Health,3.6167,473338.180357,473338.180357,473338.180357,0.0,,Wednesday,True
pl,Senior Python Software Engineer GIS,243000.0,351000.0,full_time,IT,2026-03-08 02:28:41+00:00,"Wrocław, dolnośląskie",False,Rublon,1.0,243000.0,351000.0,297000.0,44.44444444444444,Senior,Sunday,True
us,Dedicated Regional CDL A Drivers,82927.95,82927.95,full_time,Logistics & Warehouse Jobs,2026-04-01 05:21:06+00:00,"Littleton, Halifax County",True,Premier Transportation,3.6167,299925.51676499995,299925.51676499995,299925.51676499995,0.0,,Wednesday,True
gb,Decorator (Self-Employed),38521.34,38521.34,Not specified,Trade & Construction Jobs,2025-05-16 09:51:15+00:00,"Hinckley, Leicestershire",True,MyJobQuote,4.8935,188504.17729,188504.17729,188504.17729,0.0,,Friday,True
gb,Special Education Needs Teacher,58240.0,72800.0,part_time,Teaching Jobs,2026-01-15 02:27:52+00:00,"Dorchester, Dorset",False,Targeted Provision Ltd,4.8935,284997.44,356246.80000000005,320622.12,25.000000000000018,,Thursday,True
pl,Senior C++ Software Engineer,,,full_time,IT,2026-02-17 02:35:27+00:00,"Wrocław, dolnośląskie",False,EPAM Systems,1.0,,,,,Senior,Tuesday,False
pl,Python Developer with AI ML – Internal IT f m x,,,full_time,IT,2026-03-14 02:07:12+00:00,"Wrocław, dolnośląskie",False,Sii,1.0,,,,,Junior,Saturday,False
pl,Senior Data Scientist | f m d,,,full_time,IT,2026-03-05 02:11:29+00:00,"Gdańsk, Trójmiasto",False,ERGO Technology & Services,1.0,,,,,Senior,Thursday,False
gb,Head of IT,52024.0,58025.0,full_time,IT,2026-04-02 11:23:15+00:00,"Guildford, Surrey",False,The Good Shepherd Trust,4.8935,254579.44400000002,283945.3375,269262.39075,11.535060741196371,Senior,Thursday,True
gb,IT Teacher,26000.0,52000.0,full_time,Teaching Jobs,2026-03-24 07:01:45+00:00,"Wellingborough, Northamptonshire",False,Tradewind Recruitment,4.8935,127231.00000000001,254462.00000000003,190846.50000000003,100.0,,Tuesday,True
us,Licensed Clinical Social Worker (LCSW),105351.61,105351.61,part_time,Social work Jobs,2026-03-13 07:50:33+00:00,"Hempstead, Nassau County",True,Headway,3.6167,381025.16788699996,381025.16788699996,381025.16788699996,0.0,,Friday,True
us,IT Testing Engineer II,63351.19,63351.19,full_time,IT,2026-03-13 13:06:00+00:00,"Textile Finance, Los Angeles County",True,Conduent,3.6167,229122.248873,229122.248873,229122.248873,0.0,Not Specified,Friday,True
us,Licensed Physical Therapist Team Leader Patient Rehabilitation Care,64265.66,64265.66,full_time,Healthcare & Nursing Jobs,2026-03-31 21:01:11+00:00,"Lealman, Pinellas Couny",True,Encompass Health Rehabilitation Hospital of Largo,3.6167,232429.612522,232429.612522,232429.612522,0.0,,Tuesday,True
pl,IT Business Analyst Finance/ Banking,,,full_time,IT,2026-03-14 02:15:40+00:00,"Gliwice, śląskie",False,COMARCH S.A,1.0,,,,,Not Specified,Saturday,False
gb,IT Support Technician,28000.0,35000.0,full_time,IT,2026-03-27 00:14:15+00:00,"Weston-Super-Mare, North Somerset",False,Euro-Projects Recruitment Ltd,4.8935,137018.0,171272.5,154145.25,25.0,Not Specified,Friday,True
us,IT Testing Engineer III,75888.8,75888.8,full_time,IT,2026-03-13 13:05:18+00:00,"Schiller Park, Cook County",True,Conduent,3.6167,274467.02296,274467.02296,274467.02296,0.0,Not Specified,Friday,True
gb,Senior Recruiter - IT,25000.0,75000.0,Not specified,Consultancy Jobs,2026-03-27 20:05:58+00:00,"Glasgow, Scotland",False,Morgan Hunt Group Limited,4.8935,122337.50000000001,367012.50000000006,244675.00000000003,200.00000000000006,,Friday,True
gb,Builder (Self-Employed),42768.09,42768.09,Not specified,Trade & Construction Jobs,2025-05-16 09:50:38+00:00,"Glasgow, Scotland",True,MyJobQuote,4.8935,209285.648415,209285.648415,209285.648415,0.0,,Friday,True
gb,Junior IT Engineer,24509.69,24509.69,Not specified,IT,2026-03-14 10:16:59+00:00,"Ipswich, Suffolk",True,Liquidline,4.8935,119938.168015,119938.168015,119938.168015,0.0,Junior,Saturday,True
gb,IT Support Engineer,28000.0,32000.0,full_time,IT,2026-03-21 03:02:43+00:00,"Lancashire, North West England",False,GET STAFFED ONLINE RECRUITMENT LIMITED,4.8935,137018.0,156592.0,146805.0,14.285714285714285,Not Specified,Saturday,True
gb,Project Manager (Transport Infrastructure),57318.07,57318.07,Not specified,Engineering Jobs,2026-02-24 10:27:12+00:00,"County Down, Northern Ireland",True,HAYS,4.8935,280485.975545,280485.975545,280485.975545,0.0,,Tuesday,True
us,"Occupational Therapist $83,200 to $97,760 salary Apply Today",60077.02,60077.02,full_time,Healthcare & Nursing Jobs,2026-04-01 05:11:45+00:00,"Willowbrook, Houston",True,Encompass Health Rehabilitation Hospital of Cypress,3.6167,217280.55823399997,217280.55823399997,217280.55823399997,0.0,,Wednesday,True
gb,Builder (Self-Employed),43436.54,43436.54,Not specified,Trade & Construction Jobs,2025-05-16 09:50:02+00:00,"Gwynedd, Wales",True,MyJobQuote,4.8935,212556.70849000002,212556.70849000002,212556.70849000002,0.0,,Friday,True
gb,Gopuff Delivery Riders - Work when you want!,39825.52,39825.52,Not specified,Travel Jobs,2026-04-01 05:09:06+00:00,"Palmers Green, North London",True,Gopuff,4.8935,194886.18212,194886.18212,194886.18212,0.0,,Wednesday,True
us,IT Auditor,64678.16,64678.16,Not specified,HR & Recruitment Jobs,2024-08-14 16:08:01+00:00,"Cleveland Heights, Cuyahoga County",True,ManpowerGroup,3.6167,233921.501272,233921.501272,233921.501272,0.0,,Wednesday,True
pl,IT Engineer,120000.0,192000.0,full_time,IT,2026-03-17 02:46:21+00:00,"Wrocław, dolnośląskie",False,Ingrid,1.0,120000.0,192000.0,156000.0,60.0,Not Specified,Tuesday,True
gb,Chef Opportunities,28080.0,29120.0,Not specified,Hospitality & Catering Jobs,2026-03-12 21:19:47+00:00,"Easton, Bristol",False,Butlin's,4.8935,137409.48,142498.72,139954.1,3.7037037037036966,,Thursday,True
gb,IT Testing,41340.84,41340.84,full_time,IT,2025-05-22 08:54:34+00:00,UK,True,Infosys,4.8935,202301.40054,202301.40054,202301.40054,0.0,Not Specified,Thursday,True
gb,Decorator (Self-Employed),47992.87,47992.87,Not specified,Trade & Construction Jobs,2025-05-16 09:51:59+00:00,"Cambridgeshire, Eastern England",True,MyJobQuote,4.8935,234853.10934500003,234853.10934500003,234853.10934500003,0.0,,Friday,True
pl,Software Support Developer @ Antal,,,full_time,IT,2026-02-20 01:36:29+00:00,"Kraków, małopolskie",False,Antal,1.0,,,,,Not Specified,Friday,False
pl,"Agentic Architect - Talent & Revenue Transformation (HRL, Q2R, REC Blueprints) @ Capgemini",,,full_time,IT,2026-01-17 01:18:36+00:00,Polska,False,Capgemini,1.0,,,,,Not Specified,Saturday,False
pl,Senior Software Engineer,,,full_time,IT,2026-03-18 02:05:28+00:00,"Gdynia, Trójmiasto",False,Svitla Systems,1.0,,,,,Senior,Wednesday,False
pl,IT Operations Manager SRE,,,full_time,IT,2026-04-01 03:09:09+00:00,"Warszawa, mazowieckie",False,Procter & Gamble,1.0,,,,,Not Specified,Wednesday,False
gb,Market Research Interviewer - Car Required - Part Time,14.0,14.0,part_time,Part time Jobs,2026-04-01 11:25:38+00:00,"Sandford, Strathaven",False,Ipsos,4.8935,822.108,822.108,822.108,0.0,,Wednesday,True
gb,Mobile Vehicle Technician - Esher,40170.0,44385.0,full_time,Engineering Jobs,2025-12-15 22:12:08+00:00,"Long Ditton, Surbiton",False,RAC,4.8935,196571.89500000002,217197.99750000003,206884.94625000004,10.492905153099331,,Monday,True
gb,Curriculum Leader for English,41344.16,41344.16,full_time,Teaching Jobs,2026-03-26 14:18:21+00:00,"Malkins Bank, Sandbach",True,Witherslack Group,4.8935,202317.64696000004,202317.64696000004,202317.64696000004,0.0,,Thursday,True
pl,Executive Assistant with German @ Capgemini,,,full_time,IT,2026-02-16 01:29:26+00:00,"Katowice, śląskie",False,Capgemini,1.0,,,,,Not Specified,Monday,False
gb,IT Manager,50000.0,60000.0,full_time,IT,2026-03-13 17:32:36+00:00,"Matlock, Derbyshire",False,Michael Page,4.8935,244675.00000000003,293610.0,269142.5,19.999999999999986,Not Specified,Friday,True
gb,Senior Building Surveyor,62635.04,62635.04,Not specified,Trade & Construction Jobs,2026-02-24 10:27:17+00:00,"Essex, Eastern England",True,HAYS,4.8935,306504.56824000005,306504.56824000005,306504.56824000005,0.0,,Tuesday,True
gb,IT Testing,37573.62,37573.62,full_time,IT,2025-07-10 16:01:01+00:00,UK,True,infosys,4.8935,183866.50947000002,183866.50947000002,183866.50947000002,0.0,Not Specified,Thursday,True
gb,Decorator (Self-Employed),45259.86,45259.86,Not specified,Trade & Construction Jobs,2025-05-16 09:50:34+00:00,"Sevenoaks, Kent",True,MyJobQuote,4.8935,221479.12491,221479.12491,221479.12491,0.0,,Friday,True
gb,Painter & Decorator (Self-Employed),39840.38,39840.38,Not specified,Trade & Construction Jobs,2025-05-16 09:50:45+00:00,"Durham, County Durham",True,MyJobQuote,4.8935,194958.89953,194958.89953,194958.89953,0.0,,Friday,True
gb,HVAC Improver,35000.0,35000.0,Not specified,Engineering Jobs,2026-03-30 08:51:46+00:00,"Bristol, South West England",False,Bennett and Game Recruitment LTD,4.8935,171272.5,171272.5,171272.5,0.0,,Monday,True
pl,Administration Specialist with Foreign Language (K/M) @ Antal,,,full_time,IT,2026-02-18 01:31:18+00:00,Polska,False,Antal,1.0,,,,,Not Specified,Wednesday,False
gb,IT Trainer,50000.0,55000.0,full_time,IT,2026-03-24 19:42:44+00:00,"Manchester Science Park, Manchester",False,La Fosse Associates,4.8935,244675.00000000003,269142.5,256908.75,9.999999999999986,Not Specified,Tuesday,True
us,IT Testing Engineer III,76338.77,76338.77,full_time,IT,2026-03-13 13:05:59+00:00,"Hayes Valley, San Francisco",True,Conduent,3.6167,276094.429459,276094.429459,276094.429459,0.0,Not Specified,Friday,True
pl,IT Project Manager ITSM Implementation,,,full_time,IT,2026-03-11 02:54:47+00:00,"Warszawa, mazowieckie",False,B2Bnetwork,1.0,,,,,Not Specified,Wednesday,False
gb,Electrician (Self-Employed),51541.59,51541.59,Not specified,Trade & Construction Jobs,2025-05-16 09:50:05+00:00,"Dorking, Surrey",True,MyJobQuote,4.8935,252218.77066500002,252218.77066500002,252218.77066500002,0.0,,Friday,True
pl,Architekt rozwiązań IT,180000.0,222000.0,full_time,IT,2026-02-05 01:42:31+00:00,"Warszawa, mazowieckie",False,TSS,1.0,180000.0,222000.0,201000.0,23.333333333333332,Not Specified,Thursday,True
us,ARRT Radiology / Limited License X-Ray Technologist,75944.4,75944.4,full_time,Healthcare & Nursing Jobs,2026-03-06 15:07:09+00:00,"East Ridge, Hamilton County",True,Physicians Care,3.6167,274668.11147999996,274668.11147999996,274668.11147999996,0.0,,Friday,True
us,Lead IT Systems Engineer - Public Sector,177720.77,177720.77,full_time,Engineering Jobs,2026-02-18 18:00:42+00:00,"Hialeah, Miami-Dade County",True,Lumen,3.6167,642762.7088589999,642762.7088589999,642762.7088589999,0.0,,Wednesday,True
pl,Remote Senior / Lead Node.js Developer @ Coffee Mug,300000.0,408000.0,full_time,IT,2026-03-07 01:37:53+00:00,Polska,False,Coffee Mug,1.0,300000.0,408000.0,354000.0,36.0,Senior,Saturday,True
gb,Senior Recruiter - IT,25000.0,75000.0,Not specified,Consultancy Jobs,2026-03-27 20:06:29+00:00,"Edinburgh, Scotland",False,Morgan Hunt Group Limited,4.8935,122337.50000000001,367012.50000000006,244675.00000000003,200.00000000000006,,Friday,True
pl,IT Product Owner for SAP HCM Payroll & Time Solutions remote,,,full_time,IT,2025-12-01 21:16:47+00:00,"Gdańsk, Trójmiasto",False,Schaeffler Global Services Europe Sp. z o.o.,1.0,,,,,Not Specified,Monday,False
us,Licensed Mental Health Therapist - Remote,85030.98,85030.98,Not specified,Healthcare & Nursing Jobs,2026-03-13 03:27:59+00:00,"Mankato, Blue Earth County",True,Headway,3.6167,307531.545366,307531.545366,307531.545366,0.0,,Friday,True
us,$250/60min Paid Market Research Study for IT Operations Manager in the IT Sector,83085.16,83085.16,Not specified,IT,2026-03-14 10:38:50+00:00,"Florin, Sacramento County",True,Ivy Exec,3.6167,300494.09817199997,300494.09817199997,300494.09817199997,0.0,Not Specified,Saturday,True
pl,WMS Key User @ DCG,108000.0,156000.0,full_time,IT,2026-02-18 01:31:19+00:00,"Mszczonów, mazowieckie",False,DCG,1.0,108000.0,156000.0,132000.0,44.44444444444444,Not Specified,Wednesday,True
us,Lead IT Systems Engineer - Public Sector,166422.58,166422.58,full_time,Engineering Jobs,2026-02-20 06:06:32+00:00,"Tampa, Hillsborough County",True,Lumen,3.6167,601900.5450859999,601900.5450859999,601900.5450859999,0.0,,Friday,True
pl,Expert Java Developer @ j-labs software specialist,1920.0,2040.0,full_time,IT,2026-03-10 01:39:21+00:00,Polska,False,j-labs software specialist,1.0,23040.0,24480.0,23760.0,6.25,Senior,Tuesday,True
gb,IT & Security Manager,50000.0,70000.0,full_time,IT,2026-03-11 21:35:44+00:00,"Ipswich, Suffolk",False,RaptorTech Recruitment Ltd,4.8935,244675.00000000003,342545.0,293610.0,39.999999999999986,Not Specified,Wednesday,True
us,Rehabilitation Physical Therapist - Day Shift,87704.05,87704.05,full_time,Healthcare & Nursing Jobs,2026-04-01 05:12:23+00:00,"San Antonio, Pasco County",True,Encompass Health Rehabilitation Hospital of Lakeland,3.6167,317199.23763499997,317199.23763499997,317199.23763499997,0.0,,Wednesday,True
us,IT Business Analyst/HR,136305.86,136305.86,full_time,IT,2026-02-14 17:52:14+00:00,"Ann Arbor, Washtenaw County",True,World Wide Technology,3.6167,492977.4038619999,492977.4038619999,492977.4038619999,0.0,Not Specified,Saturday,True
gb,IT Hardware Technician,24500.0,24500.0,full_time,IT,2026-03-18 16:02:12+00:00,"Reading, Berkshire",False,The Recruiters Room,4.8935,119890.75000000001,119890.75000000001,119890.75000000001,0.0,Not Specified,Wednesday,True
gb,It Support,1000.0,40000.0,full_time,IT,2026-03-11 12:23:59+00:00,"Elstow, Bedford",False,Tagged Resources Ltd,4.8935,4893.5,195740.00000000003,100316.75000000001,3900.000000000001,Not Specified,Wednesday,True
us,Nurse Supervisor,41897.18,41897.18,full_time,Healthcare & Nursing Jobs,2026-01-01 05:50:10+00:00,"Hyde, Avoyelles Parish",True,Encompass Health Rehabilitation Hospital of Alexandria,3.6167,151529.530906,151529.530906,151529.530906,0.0,,Thursday,True
gb,Decorator (Self-Employed),46398.12,46398.12,Not specified,Trade & Construction Jobs,2025-05-16 09:50:33+00:00,"Barnet, Hertfordshire",True,MyJobQuote,4.8935,227049.20022000003,227049.20022000003,227049.20022000003,0.0,,Friday,True
us,Director - IT Compliance - Remote,188741.8,188741.8,full_time,IT,2026-02-11 09:42:04+00:00,"Bee Cave, Travis County",True,HighLevel,3.6167,682622.4680599999,682622.4680599999,682622.4680599999,0.0,Not Specified,Wednesday,True
gb,Field Market Research Interviewer | Part‑Time | Paid per Shift,55.0,65.0,part_time,"PR, Advertising & Marketing Jobs",2026-04-01 14:32:14+00:00,"Tarring, Worthing",False,Ipsos,4.8935,3229.7100000000005,3816.9300000000003,3523.32,18.181818181818173,,Wednesday,True
us,Senior IT FISMA Assessor/Auditor,151379.27,151379.27,full_time,IT,2026-04-03 14:05:56+00:00,"Washington, Washington, D.C.",True,Quzara LLC,3.6167,547493.4058089999,547493.4058089999,547493.4058089999,0.0,Senior,Friday,True
us,Southeast Regional ,91506.98,91506.98,full_time,Logistics & Warehouse Jobs,2026-04-01 05:16:16+00:00,"Sweetwater, Monroe County",True,Premier Transportation,3.6167,330953.29456599994,330953.29456599994,330953.29456599994,0.0,,Wednesday,True
pl,IT Service Manager k m,,,full_time,IT,2026-02-21 01:53:25+00:00,"Kraków, małopolskie",False,Scanmed S.A,1.0,,,,,Not Specified,Saturday,False
gb,Decorator (Self-Employed),43255.89,43255.89,Not specified,Trade & Construction Jobs,2025-05-16 09:51:16+00:00,"South West London, London",True,MyJobQuote,4.8935,211672.69771500002,211672.69771500002,211672.69771500002,0.0,,Friday,True
gb,IT Services Sales Manager,54414.53,54414.53,full_time,IT,2026-03-27 11:38:00+00:00,"Sheffield, South Yorkshire",True,Millgate,4.8935,266277.502555,266277.502555,266277.502555,0.0,Not Specified,Friday,True
us,IT Business Analyst/HR,133200.67,133200.67,full_time,IT,2026-02-19 18:12:10+00:00,"Charleston, Kanawha County",True,World Wide Technology,3.6167,481746.863189,481746.863189,481746.863189,0.0,Not Specified,Thursday,True
pl,Senior Fullstack Developer (Node.js & React) @ DCG sp. z o.o.,1500.0,1980.0,full_time,IT,2026-03-27 01:56:52+00:00,"Warszawa, mazowieckie",False,DCG sp. z o.o.,1.0,18000.0,23760.0,20880.0,32.0,Senior,Friday,True
us,Lead IT Systems Engineer - Public Sector,173781.77,173781.77,full_time,Engineering Jobs,2026-02-20 06:06:32+00:00,"Danbury, Fairfield County",True,Lumen,3.6167,628516.527559,628516.527559,628516.527559,0.0,,Friday,True
pl,Senior FICO Consultant with TPM @ Crestt Sp. z o.o.,1800.0,2160.0,full_time,IT,2026-03-14 01:41:26+00:00,Polska,False,Crestt Sp. z o.o.,1.0,21600.0,25920.0,23760.0,20.0,Senior,Saturday,True
us,Licensed Psychiatrist (Virtual),126527.35,126527.35,Not specified,Healthcare & Nursing Jobs,2026-02-26 02:02:01+00:00,"Alameda, Bernalillo County",True,Headway,3.6167,457611.466745,457611.466745,457611.466745,0.0,,Thursday,True
gb,Financial Controller,81275.05,81275.05,Not specified,Accounting & Finance Jobs,2026-02-24 10:27:12+00:00,"London, UK",True,HAYS,4.8935,397719.45717500005,397719.45717500005,397719.45717500005,0.0,,Tuesday,True
gb,IT Technician,30000.0,55000.0,full_time,IT,2026-04-03 04:24:23+00:00,"St. Augustines, Bristol",False,Rullion Ltd,4.8935,146805.0,269142.5,207973.75,83.33333333333334,Not Specified,Friday,True
gb,IT Consulting,45653.61,45653.61,full_time,IT,2025-05-22 08:54:35+00:00,UK,True,Infosys,4.8935,223405.94053500003,223405.94053500003,223405.94053500003,0.0,Not Specified,Thursday,True
us,Physical Therapist Lead Therapy Team Inpatient Rehabilitation,62826.3,62826.3,full_time,Healthcare & Nursing Jobs,2026-03-31 21:01:17+00:00,"Clearwater Beach, Pinellas County",True,Encompass Health Rehabilitation Hospital of Largo,3.6167,227223.87920999998,227223.87920999998,227223.87920999998,0.0,,Tuesday,True
us,Southeast Regional ,91547.22,91547.22,full_time,Logistics & Warehouse Jobs,2026-04-01 05:16:14+00:00,"Weddington, Union County",True,Premier Transportation,3.6167,331098.83057399996,331098.83057399996,331098.83057399996,0.0,,Wednesday,True
pl,Junior IT Operations Specialist @ Upvanta,57672.0,57672.0,full_time,IT,2026-03-17 01:43:15+00:00,"Poznań, wielkopolskie",False,Upvanta,1.0,57672.0,57672.0,57672.0,0.0,Junior,Tuesday,True
us,IT Business Analyst/HR,134903.5,134903.5,full_time,IT,2026-02-10 04:57:41+00:00,"Gresham, Multnomah County",True,World Wide Technology,3.6167,487905.48844999995,487905.48844999995,487905.48844999995,0.0,Not Specified,Tuesday,True
gb,IT Field Engineer - Hull Area,30000.0,30000.0,full_time,IT,2026-03-15 09:12:21+00:00,"Hull, East Riding Of Yorkshire",False,Verus Recruitment,4.8935,146805.0,146805.0,146805.0,0.0,Not Specified,Sunday,True
pl,IT Consultant,,,full_time,Doradztwo,2026-03-10 22:16:41+00:00,Polska,False,PricewaterhouseCoopers,1.0,,,,,,Tuesday,False
gb,IT Infrastructure Engineer,50000.0,50000.0,full_time,IT,2026-03-19 16:07:40+00:00,"Central London, London",False,Ritz Recruitment,4.8935,244675.00000000003,244675.00000000003,244675.00000000003,0.0,Not Specified,Thursday,True
pl,Kierownik Produkcji (K/M) - praca w Niemczech @ Audit HR,355200.0,405600.0,full_time,IT,2026-03-04 01:37:07+00:00,"Słubice, lubuskie",False,Audit HR,1.0,355200.0,405600.0,380400.0,14.18918918918919,Senior,Wednesday,True
pl,Data Engineer with Microsoft Fabric f m x,,,full_time,IT,2026-03-06 02:15:30+00:00,"Gdańsk, Trójmiasto",False,Sii,1.0,,,,,Not Specified,Friday,False
pl,Magister Farmacji / Magisterka Farmacji Nakło nad Notecią,,,full_time,IT,2026-02-14 02:13:12+00:00,"Nakło nad Notecią, kujawsko-pomorskie",False,Dr. Max,1.0,,,,,Not Specified,Saturday,False
gb,Electrician (Self-Employed),57453.25,57453.25,Not specified,Trade & Construction Jobs,2025-05-16 09:51:27+00:00,"Crewe, Cheshire",True,MyJobQuote,4.8935,281147.47887500003,281147.47887500003,281147.47887500003,0.0,,Friday,True
us,Pediatric Rehabilitation Physician,559175.44,559175.44,Not specified,Healthcare & Nursing Jobs,2026-04-01 16:12:39+00:00,"Loma Linda, San Bernardino County",True,Loma Linda University Faculty Medical Group,3.6167,2022369.8138479998,2022369.8138479998,2022369.8138479998,0.0,,Wednesday,True
pl,Myślisz o własnym biznesie? Zostań franczyzobiorcą - otwórz Żabkę! @ Żabka Polska Sp. zo.o.,360000.0,360000.0,full_time,IT,2026-02-07 01:28:11+00:00,"Toszek, śląskie",False,Żabka Polska Sp. zo.o.,1.0,360000.0,360000.0,360000.0,0.0,Not Specified,Saturday,True
us,Vascular Surgery Physician,81154.7,81154.7,Not specified,Healthcare & Nursing Jobs,2026-04-02 04:10:57+00:00,"Midland, Midland County",True,AMN Healthcare,3.6167,293512.20349,293512.20349,293512.20349,0.0,,Thursday,True
gb,Special Education Needs Tutor,58240.0,72800.0,part_time,Teaching Jobs,2026-01-15 02:27:49+00:00,"Castle Hills, Northallerton",False,Targeted Provision Ltd,4.8935,284997.44,356246.80000000005,320622.12,25.000000000000018,,Thursday,True
us,CDL A Delivery Driver,62060.43,62060.43,full_time,Logistics & Warehouse Jobs,2026-03-17 22:14:09+00:00,"Big Lake, Sherburne County",True,"Mclane Company, Inc.",3.6167,224453.95718099998,224453.95718099998,224453.95718099998,0.0,,Tuesday,True
pl,Technik IT,,,Not specified,IT,2026-03-18 23:18:27+00:00,"Gdańsk, Trójmiasto",False,Experis,1.0,,,,,Not Specified,Wednesday,False
us,IT Project Manager,118412.62,118412.62,Not specified,Consultancy Jobs,2026-03-27 10:10:05+00:00,"Juno Beach, Palm Beach County",True,Kforce Technology Staffing,3.6167,428262.92275399994,428262.92275399994,428262.92275399994,0.0,,Friday,True
pl,Mendix Developer/ka @ Link Group,1320.0,1440.0,full_time,IT,2026-03-14 01:41:18+00:00,Polska,False,Link Group,1.0,15840.0,17280.0,16560.0,9.090909090909092,Not Specified,Saturday,True
pl,Specjalista IT - administrator IT,,,Not specified,IT,2026-03-17 23:13:20+00:00,"Radom, mazowieckie",False,E-SUPPORT Sp. z o.o.,1.0,,,,,Not Specified,Tuesday,False
us,IT Business Analyst/HR,134921.52,134921.52,full_time,IT,2026-02-14 17:52:14+00:00,"Rochester, Monroe County",True,World Wide Technology,3.6167,487970.6613839999,487970.6613839999,487970.6613839999,0.0,Not Specified,Saturday,True
us,IT Business Analyst/HR,125675.2,125675.2,full_time,IT,2026-02-14 17:52:15+00:00,"Huntsville, Madison County",True,World Wide Technology,3.6167,454529.49584,454529.49584,454529.49584,0.0,Not Specified,Saturday,True
us,"Youth Development Specialist - Relocation to Hershey, PA Required",75575.27,75575.27,full_time,Healthcare & Nursing Jobs,2025-10-03 01:20:22+00:00,"Great Falls, Cascade County",True,Milton Hershey School,3.6167,273333.079009,273333.079009,273333.079009,0.0,,Friday,True
us,Licensed Professional Counselor,73368.36,73368.36,Not specified,Healthcare & Nursing Jobs,2026-04-01 22:17:53+00:00,"Hialeah Lakes, Miami-Dade County",True,Headway,3.6167,265351.347612,265351.347612,265351.347612,0.0,,Wednesday,True
gb,Head of IT,80000.0,100000.0,full_time,IT,2026-03-18 12:09:38+00:00,"Woodside, Luton",False,Investigo,4.8935,391480.00000000006,489350.00000000006,440415.00000000006,24.999999999999996,Senior,Wednesday,True
pl,Ekspert ka IT Security – Microsoft Entra M365,,,full_time,IT,2026-04-02 03:08:26+00:00,"Warszawa, mazowieckie",False,B2Bnetwork,1.0,,,,,Not Specified,Thursday,False
gb,IT Apprentice,14000.0,16000.0,full_time,Teaching Jobs,2026-03-12 16:33:07+00:00,UK,False,QA Limited,4.8935,68509.0,78296.0,73402.5,14.285714285714285,,Thursday,True
pl,IT Recruiter / Senior Resourcer @ Red Global,,,full_time,IT,2026-04-01 02:50:50+00:00,"Warszawa, mazowieckie",False,Red Global,1.0,,,,,Senior,Wednesday,False
gb,Kitchen Fitter (Self-Employed),43648.23,43648.23,Not specified,Trade & Construction Jobs,2025-05-16 09:50:16+00:00,"Derby, Derbyshire",True,MyJobQuote,4.8935,213592.61350500004,213592.61350500004,213592.61350500004,0.0,,Friday,True
pl,PPC Marketing Specialist - Praca Zdalna,78000.0,132000.0,full_time,"PR, reklama, marketing",2025-11-25 21:39:25+00:00,"Gdynia, Trójmiasto",False,digitalk,1.0,78000.0,132000.0,105000.0,69.23076923076923,,Tuesday,True
gb,Head of IT,70000.0,70000.0,Not specified,IT,2026-02-23 22:28:48+00:00,"Portsmouth, Hampshire",False,Sterling Bridge Limited,4.8935,342545.0,342545.0,342545.0,0.0,Senior,Monday,True
gb,Market Research Interviewer - Car Required - Part Time,14.0,14.0,part_time,Part time Jobs,2026-04-01 11:25:42+00:00,"Killard, Downpatrick",False,Ipsos,4.8935,822.108,822.108,822.108,0.0,,Wednesday,True
gb,IT Engineer,37500.0,37500.0,full_time,IT,2026-03-06 21:57:20+00:00,"Ruabon, Wrexham",False,Adecco,4.8935,183506.25000000003,183506.25000000003,183506.25000000003,0.0,Not Specified,Friday,True
gb,Mobile Vehicle Technician,40170.0,44385.0,full_time,Engineering Jobs,2026-02-13 18:58:03+00:00,"Woodside, Luton",False,RAC,4.8935,196571.89500000002,217197.99750000003,206884.94625000004,10.492905153099331,,Friday,True
us,IT Testing Engineer II,58536.77,58536.77,full_time,IT,2026-03-13 13:10:14+00:00,"Schiller Park, Cook County",True,Conduent,3.6167,211709.93605899997,211709.93605899997,211709.93605899997,0.0,Not Specified,Friday,True
gb,Site Manager,52592.81,52592.81,Not specified,Trade & Construction Jobs,2026-03-03 07:39:46+00:00,"Kendal, Cumbria",True,HAYS,4.8935,257362.91573500002,257362.91573500002,257362.91573500002,0.0,,Tuesday,True
pl,Obsługa klienta i kasy Hipolitów,,,full_time,IT,2026-01-31 01:42:12+00:00,Polska,False,ARHELAN SPÓŁKA Z OGRANICZONĄ ODPOWIEDZIALNOŚCIĄ,1.0,,,,,Not Specified,Saturday,False
pl,IT Analyst Big Data,181440.0,201600.0,full_time,IT,2026-02-14 02:15:09+00:00,"Warszawa, mazowieckie",False,Link Group,1.0,181440.0,201600.0,191520.0,11.11111111111111,Not Specified,Saturday,True
pl,Senior Sales & Recruitment Consultant IT (K/M) @ Antal,,,full_time,IT,2026-02-11 01:47:24+00:00,"Gdańsk, Trójmiasto",False,Antal,1.0,,,,,Senior,Wednesday,False
pl,Senior Software Engineer Delivery & Developer Experience Team,222000.0,360000.0,full_time,IT,2026-03-14 02:33:54+00:00,"Wrocław, dolnośląskie",False,SmartRecruiters Inc.,1.0,222000.0,360000.0,291000.0,62.16216216216216,Senior,Saturday,True
gb,IT Trainer,35000.0,40000.0,full_time,IT,2026-03-31 03:33:25+00:00,"London, UK",False,Understanding Recruitment,4.8935,171272.5,195740.00000000003,183506.25,14.285714285714302,Not Specified,Tuesday,True
gb,Plasterer (Self-Employed),42069.63,42069.63,Not specified,Trade & Construction Jobs,2025-05-16 09:50:15+00:00,"Lisburn, Northern Ireland",True,MyJobQuote,4.8935,205867.734405,205867.734405,205867.734405,0.0,,Friday,True
pl,Senior Project Manager (ICT Risk) @ DCG,1680.0,1860.0,full_time,IT,2026-03-07 01:37:50+00:00,Polska,False,DCG,1.0,20160.0,22320.0,21240.0,10.714285714285714,Senior,Saturday,True
gb,Python Developer - SC Cleared - Onsite,140400.0,143000.0,Not specified,IT,2026-04-03 09:09:25+00:00,"Milton Keynes, Buckinghamshire",False,Network IT,4.8935,687047.4,699770.5,693408.95,1.8518518518518483,Not Specified,Friday,True
gb,IT Helpdesk 1st Line Technical Support,26436.0,26436.0,Not specified,IT,2026-03-31 20:02:59+00:00,"Cardiff County, Wales",False,Operations Resources,4.8935,129364.566,129364.566,129364.566,0.0,Not Specified,Tuesday,True
us,"House Parents - Relocation to Hershey, PA Required",65718.38,65718.38,full_time,Healthcare & Nursing Jobs,2025-10-03 01:18:19+00:00,"Harvey, Cook County",True,Milton Hershey School,3.6167,237683.664946,237683.664946,237683.664946,0.0,,Friday,True
gb,Audit Senior (Chinese Speaking),41066.14,41066.14,Not specified,Accounting & Finance Jobs,2026-02-24 10:27:17+00:00,"London, UK",True,HAYS,4.8935,200957.15609,200957.15609,200957.15609,0.0,,Tuesday,True
pl,Senior System Analyst,,,full_time,IT,2026-03-03 02:09:18+00:00,"Wrocław, dolnośląskie",False,Antal Sp. z o.o.,1.0,,,,,Senior,Tuesday,False
us,"House Parents - Relocation to Hershey, PA Required",76948.73,76948.73,full_time,Healthcare & Nursing Jobs,2025-10-03 01:20:06+00:00,"Rialto, San Bernardino County",True,Milton Hershey School,3.6167,278300.471791,278300.471791,278300.471791,0.0,,Friday,True
pl,Cloud Infrastructure DBA @ Shiji Poland,960.0,1380.0,full_time,IT,2026-03-27 01:56:52+00:00,"Katowice, śląskie",False,Shiji Poland,1.0,11520.0,16560.0,14040.0,43.75,Not Specified,Friday,True
pl,IT Delivery Manager @ Scalo,1560.0,1680.0,full_time,IT,2026-03-27 01:56:50+00:00,"Warszawa, mazowieckie",False,Scalo,1.0,18720.0,20160.0,19440.0,7.6923076923076925,Not Specified,Friday,True
gb,IT Technologist,0.0,60000.0,full_time,IT,2026-02-05 08:56:30+00:00,"Watford, Hertfordshire",False,Medtronic,4.8935,,293610.0,,,Not Specified,Thursday,True
gb,IT Support Engineer,35000.0,50000.0,full_time,IT,2026-03-17 19:59:22+00:00,"Eastleigh, Hampshire",False,Chapman Tate Associates,4.8935,171272.5,244675.00000000003,207973.75,42.85714285714287,Not Specified,Tuesday,True
pl,Starszy Konsultant IT w obszarze finansowo-księgowym m k,96000.0,132000.0,full_time,IT,2026-03-19 02:14:29+00:00,"Mielec, podkarpackie",False,BESTCAREERSHUB,1.0,96000.0,132000.0,114000.0,37.5,Senior,Thursday,True
us,Licensed Marriage and Family Therapist,109990.21,109990.21,Not specified,Healthcare & Nursing Jobs,2026-02-26 02:02:21+00:00,"Keene, Cheshire County",True,Headway,3.6167,397801.592507,397801.592507,397801.592507,0.0,,Thursday,True
us,IT Business Analyst/HR,137080.47,137080.47,full_time,IT,2026-02-10 04:57:42+00:00,"Pittsburg, Crawford County",True,World Wide Technology,3.6167,495778.935849,495778.935849,495778.935849,0.0,Not Specified,Tuesday,True
us,IT Auditor,108244.19,108244.19,Not specified,Accounting & Finance Jobs,2026-02-14 20:29:11+00:00,"Pierre, Hughes County",True,Sanford Health,3.6167,391486.761973,391486.761973,391486.761973,0.0,,Saturday,True
pl,Projektant / Projektantka Aplikacji (JavaScript) @ PKO Finat Sp. z o.o.,1440.0,1740.0,full_time,IT,2026-03-28 01:46:19+00:00,"Warszawa, mazowieckie",False,PKO Finat Sp. z o.o.,1.0,17280.0,20880.0,19080.0,20.833333333333336,Not Specified,Saturday,True
gb,Clean Water Project Manager,50000.0,60000.0,Not specified,Engineering Jobs,2026-04-01 02:01:18+00:00,"Blackpool Airport, Blackpool",False,Network Plus,4.8935,244675.00000000003,293610.0,269142.5,19.999999999999986,,Wednesday,True
us,Lead IT Systems Engineer - Public Sector,150646.8,150646.8,full_time,Engineering Jobs,2026-02-20 06:06:32+00:00,"Las Cruces, Doña Ana County",True,Lumen,3.6167,544844.2815599999,544844.2815599999,544844.2815599999,0.0,,Friday,True
pl,Backend Developer Senior/Expert @ Storkjet P.S.A.,203400.0,339600.0,full_time,IT,2026-04-01 02:50:51+00:00,"Katowice, śląskie",False,Storkjet P.S.A.,1.0,203400.0,339600.0,271500.0,66.96165191740413,Senior,Wednesday,True
pl,Senior IT Business Analyst - Freelance,241920.0,282240.0,full_time,IT,2026-01-30 01:37:50+00:00,"Warszawa, mazowieckie",False,Netguru,1.0,241920.0,282240.0,262080.0,16.666666666666664,Senior,Friday,True
pl,IT Engineer,,,Not specified,IT,2026-04-03 18:15:50+00:00,"Skarbimierz, opolskie",False,Mitsui High-tec  sp. z o.o.,1.0,,,,,Not Specified,Friday,False
gb,Mobile Vehicle Technician - Guildford,40170.0,44385.0,full_time,Engineering Jobs,2026-02-05 17:38:27+00:00,"Artington, Guildford",False,RAC,4.8935,196571.89500000002,217197.99750000003,206884.94625000004,10.492905153099331,,Thursday,True
gb,Tiler (Self-Employed),50502.77,50502.77,Not specified,Trade & Construction Jobs,2025-05-16 09:50:53+00:00,"Gloucestershire, South West England",True,MyJobQuote,4.8935,247135.304995,247135.304995,247135.304995,0.0,,Friday,True
pl,NET Developer,,,full_time,IT,2026-02-20 02:31:20+00:00,"Warszawa, mazowieckie",False,Nexio Management,1.0,,,,,Not Specified,Friday,False
pl,Pielęgniarka Operacyjna\Pielęgniarz Operacyjny - Piła,,,full_time,IT,2026-01-15 01:30:43+00:00,"Piła, wielkopolskie",False,VB Idea Prosta Spółka Akcyjna,1.0,,,,,Not Specified,Thursday,False
pl,Junior Specjalista ds. Sprzedaży Usług IT (B2B),,,full_time,Unknown,2026-03-17 22:59:10+00:00,"Warszawa, mazowieckie",False,Trimtab Sp. z o.o.,1.0,,,,,,Tuesday,False
pl,Ekspertka Ekspert ds Infrastruktury IT,,,full_time,IT,2026-03-21 02:12:24+00:00,"Warszawa, mazowieckie",False,VeloBank S.A.,1.0,,,,,Not Specified,Saturday,False
us,Lead IT Systems Engineer - Public Sector,183313.44,183313.44,full_time,Engineering Jobs,2026-02-20 06:06:32+00:00,"Merced, Merced County",True,Lumen,3.6167,662989.718448,662989.718448,662989.718448,0.0,,Friday,True
us,Licensed Clinical Social Worker - Telehealth,90239.38,90239.38,Not specified,Healthcare & Nursing Jobs,2026-03-13 07:50:16+00:00,"Cloverdale, Shelby County",True,Headway,3.6167,326368.765646,326368.765646,326368.765646,0.0,,Friday,True
us,Registered Nurse (RN),46106.07,46106.07,part_time,Healthcare & Nursing Jobs,2026-04-01 05:23:29+00:00,"Spring House, Montgomery County",True,Rydal Park - a HumanGood community,3.6167,166751.823369,166751.823369,166751.823369,0.0,,Wednesday,True
gb,Gopuff Delivery Drivers or Riders - Work when you want!,34497.12,34497.12,Not specified,Travel Jobs,2026-04-01 05:09:07+00:00,"Brimington, Chesterfield",True,Gopuff,4.8935,168811.65672000003,168811.65672000003,168811.65672000003,0.0,,Wednesday,True
pl,Join Our IT Talent Pool – Information Security Specialists,,,full_time,IT,2026-03-14 02:06:10+00:00,Polska,False,emagine Polska,1.0,,,,,Not Specified,Saturday,False
gb,IT Infrastructure Engineer,45097.29,45097.29,full_time,IT,2026-04-01 20:04:51+00:00,"London, UK",True,Matchtech,4.8935,220683.58861500002,220683.58861500002,220683.58861500002,0.0,Not Specified,Wednesday,True
pl,Graph Database Engineer & Neo4j @ Green Minds Sp.zo.o.,2280.0,2760.0,full_time,IT,2026-03-26 01:47:45+00:00,Polska,False,Green Minds Sp.zo.o.,1.0,27360.0,33120.0,30240.0,21.052631578947366,Not Specified,Thursday,True
pl, Cloud Data Architect m k ,,,full_time,IT,2026-02-24 02:08:42+00:00,"Opole, opolskie",False,Team Up Recruitment,1.0,,,,,Not Specified,Tuesday,False
pl,IT Recruiter,,,Not specified,Unknown,2026-02-04 22:03:39+00:00,Polska,False,Altkom Software,1.0,,,,,,Wednesday,False
pl,Python Developer with AI ML – Internal IT f m x,,,full_time,IT,2026-03-14 02:07:12+00:00,"Warszawa, mazowieckie",False,Sii,1.0,,,,,Junior,Saturday,False
us,IT Testing Engineer III,86162.79,86162.79,full_time,IT,2026-03-13 13:10:12+00:00,"Elkins Park, Montgomery County",True,Conduent,3.6167,311624.962593,311624.962593,311624.962593,0.0,Not Specified,Friday,True
gb,Head of IT Infrastructure and Security,50649.4,50649.4,full_time,IT,2026-03-09 19:14:24+00:00,"Liverpool, Merseyside",True,Flexible Solutionz,4.8935,247852.83890000003,247852.83890000003,247852.83890000003,0.0,Senior,Monday,True
us,Lead IT Systems Engineer - Public Sector,167098.47,167098.47,full_time,Engineering Jobs,2026-02-18 18:00:41+00:00,"Aurora, Kane County",True,Lumen,3.6167,604345.036449,604345.036449,604345.036449,0.0,,Wednesday,True
gb,Design Manager (Main Contractor),54261.71,54261.71,Not specified,Trade & Construction Jobs,2026-02-24 10:27:16+00:00,UK,True,HAYS,4.8935,265529.677885,265529.677885,265529.677885,0.0,,Tuesday,True
gb,General Ledger Accountant,43621.47,43621.47,Not specified,Accounting & Finance Jobs,2026-03-20 03:13:08+00:00,"Belfast, Northern Ireland",True,Options IT,4.8935,213461.663445,213461.663445,213461.663445,0.0,,Friday,True
gb,Entry Level IT Field Engineer,26000.0,29900.0,part_time,IT,2026-03-24 15:50:07+00:00,"Hereford, Herefordshire",False,Cerco,4.8935,127231.00000000001,146315.65000000002,136773.325,15.000000000000005,Not Specified,Tuesday,True
pl,Python Developer with AI ML – Internal IT f m x,,,full_time,IT,2026-03-14 02:32:28+00:00,"Rzeszów, podkarpackie",False,Sii,1.0,,,,,Junior,Saturday,False
gb,Decorator (Self-Employed),38367.57,38367.57,Not specified,Trade & Construction Jobs,2025-05-16 09:51:16+00:00,"Ingatestone, Essex",True,MyJobQuote,4.8935,187751.703795,187751.703795,187751.703795,0.0,,Friday,True
pl,IT PMO Associate Manager @ Antal,1440.0,1680.0,full_time,IT,2026-03-06 01:38:10+00:00,"Warszawa, mazowieckie",False,Antal,1.0,17280.0,20160.0,18720.0,16.666666666666664,Not Specified,Friday,True
gb,IT Security Engineer,55000.0,55000.0,Not specified,IT,2026-03-31 05:01:08+00:00,"Basingstoke, Hampshire",False,Spectrum It Recruitment Limited,4.8935,269142.5,269142.5,269142.5,0.0,Not Specified,Tuesday,True
us,Pediatric Anesthesiology Physician,85958.51,85958.51,Not specified,Healthcare & Nursing Jobs,2026-03-30 15:58:55+00:00,"Hillcrest, Broward County",True,AMN Healthcare,3.6167,310886.14311699994,310886.14311699994,310886.14311699994,0.0,,Monday,True
us,Registered Nurse (RN) After-hours Week Nights,53469.85,53469.85,full_time,Healthcare & Nursing Jobs,2026-04-01 15:25:31+00:00,"Gramling, Spartanburg County",True,Agape Care Group,3.6167,193384.40649499997,193384.40649499997,193384.40649499997,0.0,,Wednesday,True
pl,Project Manager (IT Infrastructure) @ Antal,,,full_time,IT,2026-03-21 01:44:28+00:00,Polska,False,Antal,1.0,,,,,Not Specified,Saturday,False
us,$250/60min Paid Market Research Study for VP of IT in the IT Sector,82266.36,82266.36,Not specified,IT,2026-03-13 10:28:55+00:00,"Northlake, DeKalb County",True,Ivy Exec,3.6167,297532.744212,297532.744212,297532.744212,0.0,Not Specified,Friday,True
pl,Senior IT Business Analyst (Data) @ DCG Sp. z o.o,1320.0,1740.0,full_time,IT,2026-03-14 01:41:19+00:00,"Gdańsk, Trójmiasto",False,DCG Sp. z o.o,1.0,15840.0,20880.0,18360.0,31.818181818181817,Senior,Saturday,True
us,IT Asset Manager,106427.59,106427.59,Not specified,IT,2026-03-24 21:04:42+00:00,"Saint Paul, Ramsey County",True,"ASM Research, An Accenture Federal Services Company",3.6167,384916.66475299996,384916.66475299996,384916.66475299996,0.0,Not Specified,Tuesday,True
gb,IT Helpdesk Engineer,30000.0,35000.0,full_time,IT,2026-03-25 09:51:39+00:00,"Warwick, Warwickshire",False,167 Solutions Ltd,4.8935,146805.0,171272.5,159038.75,16.666666666666664,Not Specified,Wednesday,True
gb,IT Manager,62739.18,62739.18,full_time,IT,2026-03-13 19:41:32+00:00,"Birmingham, West Midlands",True,Gleeson Recruitment Group,4.8935,307014.17733000003,307014.17733000003,307014.17733000003,0.0,Not Specified,Friday,True
pl,IT Analyst (Data Platform) @ Ework Group,1560.0,1860.0,full_time,IT,2026-03-06 01:38:12+00:00,"Gdańsk, Trójmiasto",False,Ework Group,1.0,18720.0,22320.0,20520.0,19.230769230769234,Not Specified,Friday,True
pl,Full Stack Developer @ Antal,,,full_time,IT,2026-04-02 03:38:22+00:00,"Kraków, małopolskie",False,Antal,1.0,,,,,Not Specified,Thursday,False
gb,IT Systems Analyst – Epicor BisTrack,29608.63,29608.63,full_time,IT,2026-03-25 23:54:58+00:00,"Nottingham, Nottinghamshire",True,Erin Associates,4.8935,144889.830905,144889.830905,144889.830905,0.0,Not Specified,Wednesday,True
us,Licensed Psychiatrist,124687.67,124687.67,Not specified,Healthcare & Nursing Jobs,2026-02-11 17:29:57+00:00,"Plano, Collin County",True,Headway,3.6167,450957.896089,450957.896089,450957.896089,0.0,,Wednesday,True
gb,Decorator (Self-Employed),44520.41,44520.41,Not specified,Trade & Construction Jobs,2025-05-16 09:50:35+00:00,"Blandford Forum, Dorset",True,MyJobQuote,4.8935,217860.62633500004,217860.62633500004,217860.62633500004,0.0,,Friday,True
gb,Finance Officer,32681.22,32681.22,Not specified,Accounting & Finance Jobs,2026-03-07 12:25:41+00:00,"London, UK",True,HAYS,4.8935,159925.55007000003,159925.55007000003,159925.55007000003,0.0,,Saturday,True
gb,ME3 – Senior Manufacturing Engineer,46254.58,46254.58,Not specified,Engineering Jobs,2026-03-25 11:33:19+00:00,"Throsk, Stirling",True,BAE Systems,4.8935,226346.78723000002,226346.78723000002,226346.78723000002,0.0,,Wednesday,True
us,IT Manager,159640.78,159640.78,Not specified,IT,2026-03-20 21:27:07+00:00,"North Hill, Summit County",True,Robert Half,3.6167,577372.809026,577372.809026,577372.809026,0.0,Not Specified,Friday,True
gb,Weekend Warehouse Operative - Bristol,12.0,12.0,full_time,Logistics & Warehouse Jobs,2026-02-11 11:50:21+00:00,"Bristol, South West England",False,Ocado Logistics,4.8935,704.6640000000001,704.6640000000001,704.6640000000001,0.0,,Wednesday,True
pl,Business Analyst GenAI,262080.0,322560.0,full_time,IT,2026-02-06 01:59:26+00:00,"Kraków, małopolskie",False,Antal Sp. z o.o.,1.0,262080.0,322560.0,292320.0,23.076923076923077,Not Specified,Friday,True
us,IT Program Manager,167167.66,167167.66,Not specified,IT,2026-03-13 22:09:57+00:00,"Concord, Merrimack County",True,Eliassen Group,3.6167,604595.275922,604595.275922,604595.275922,0.0,Not Specified,Friday,True
pl,Senior Python Developer @ VikingCo Poland Sp. z o.o.,240000.0,288000.0,full_time,IT,2026-03-14 01:41:14+00:00,"Wrocław, dolnośląskie",False,VikingCo Poland Sp. z o.o.,1.0,240000.0,288000.0,264000.0,20.0,Senior,Saturday,True
gb,UNPAID VOLUNTEER - IT Technicians / IT Support Officers,36882.92,36882.92,part_time,IT,2025-10-16 13:27:59+00:00,UK,True,Blockchain & Climate Institute/ BCI America Inc.,4.8935,180486.56902,180486.56902,180486.56902,0.0,Not Specified,Thursday,True
us,"Houseparents, Full-Time - Relocation to Hershey, PA Required",70621.95,70621.95,full_time,Healthcare & Nursing Jobs,2025-10-03 01:18:47+00:00,"Fruit Heights, Davis County",True,Milton Hershey School,3.6167,255418.40656499998,255418.40656499998,255418.40656499998,0.0,,Friday,True
us,"Youth Development Specialist - Relocation to Hershey, PA Required",65292.39,65292.39,full_time,Healthcare & Nursing Jobs,2025-10-03 01:06:16+00:00,"Tavener, Wharton County",True,Milton Hershey School,3.6167,236142.98691299997,236142.98691299997,236142.98691299997,0.0,,Friday,True
pl,Freelance IT Project Manager,120960.0,241920.0,full_time,IT,2026-03-14 02:36:24+00:00,"Poznań, wielkopolskie",False,Flying Bisons,1.0,120960.0,241920.0,181440.0,100.0,Not Specified,Saturday,True
pl,Senior Fullstack Engineer Servicing International,300996.0,400992.0,full_time,IT,2026-02-11 02:14:55+00:00,"Łódź, łódzkie",False,Affirm,1.0,300996.0,400992.0,350994.0,33.22170394290954,Senior,Wednesday,True
gb,Amazon Flex Delivery Driver - Earn £14 - £18 per hour*,14.0,18.0,Not specified,Logistics & Warehouse Jobs,2026-04-02 02:38:09+00:00,"Hayes, Bromley",False,Amazon Flex,4.8935,822.108,1056.996,939.5520000000001,28.57142857142859,,Thursday,True
pl,Koordynator ds sprzętu IT m k,,,full_time,IT,2026-03-07 02:22:01+00:00,"Warszawa, mazowieckie",False,Telewizja Polska,1.0,,,,,Not Specified,Saturday,False
us,"Houseparents - Relocation to Hershey, PA Required",73442.49,73442.49,full_time,Healthcare & Nursing Jobs,2025-10-03 01:06:14+00:00,"Indian Rock, Upshur County",True,Milton Hershey School,3.6167,265619.453583,265619.453583,265619.453583,0.0,,Friday,True
gb,IT Solution Architect,66482.33,66482.33,full_time,IT,2026-03-14 15:41:27+00:00,"Bristol, South West England",True,Leidos,4.8935,325331.281855,325331.281855,325331.281855,0.0,Not Specified,Saturday,True
gb,IT Consulting,55533.87,55533.87,full_time,IT,2025-05-22 08:55:15+00:00,UK,True,Infosys,4.8935,271754.99284500006,271754.99284500006,271754.99284500006,0.0,Not Specified,Thursday,True
pl,Infrastructure Engineer – Storage Backup Virtualization f m x,,,full_time,IT,2026-03-20 02:09:33+00:00,"Rzeszów, podkarpackie",False,Sii,1.0,,,,,Not Specified,Friday,False
pl,Ekspert ka IT Security – Microsoft Entra M365,,,full_time,IT,2026-04-02 03:08:25+00:00,"Gdynia, Trójmiasto",False,B2Bnetwork,1.0,,,,,Not Specified,Thursday,False
gb,Headf of IT,100000.0,100000.0,full_time,IT,2026-03-30 15:29:19+00:00,"Milton Keynes, Buckinghamshire",False,Provide,4.8935,489350.00000000006,489350.00000000006,489350.00000000006,0.0,Senior,Monday,True
us,Occupational Therapist Career Growth Opportunity Texas,132570.69,132570.69,part_time,Healthcare & Nursing Jobs,2026-03-31 15:06:41+00:00,"Woodway, McLennan County",True,Encompass Health Rehabilitation Hospital of Waco,3.6167,479468.41452299996,479468.41452299996,479468.41452299996,0.0,,Tuesday,True
us,Paramedic Basic,33346.09,33346.09,full_time,Healthcare & Nursing Jobs,2026-04-01 05:20:45+00:00,"Holly Park, Los Angeles County",True,AMR,3.6167,120602.80370299998,120602.80370299998,120602.80370299998,0.0,,Wednesday,True
us,"IT Manager, M&A Portfolio",81929.85,81929.85,full_time,IT,2026-03-01 06:55:27+00:00,"Durham, Durham County",True,Labcorp,3.6167,296315.688495,296315.688495,296315.688495,0.0,Not Specified,Sunday,True
gb,IT and Data Manager,39853.98,39853.98,Not specified,Engineering Jobs,2026-04-01 20:03:38+00:00,UK,True,British Antarctic Survey,4.8935,195025.45113000003,195025.45113000003,195025.45113000003,0.0,,Wednesday,True
pl,PySpark Data Engineer,252000.0,360000.0,full_time,IT,2026-04-02 03:08:50+00:00,"Warszawa, mazowieckie",False,iTeamly,1.0,252000.0,360000.0,306000.0,42.857142857142854,Not Specified,Thursday,True
pl,Murex Developer @ Infolet sp. z o.o.,1920.0,2220.0,full_time,IT,2026-03-11 01:42:06+00:00,"Kraków, małopolskie",False,Infolet sp. z o.o.,1.0,23040.0,26640.0,24840.0,15.625,Not Specified,Wednesday,True
gb,Group Financial Planning,94885.06,94885.06,Not specified,Accounting & Finance Jobs,2026-02-24 10:27:26+00:00,"Jersey, Channel Isles",True,HAYS,4.8935,464320.04111000005,464320.04111000005,464320.04111000005,0.0,,Tuesday,True
pl,IT Analyst,262080.0,302400.0,full_time,IT,2026-03-07 02:21:27+00:00,Polska,False,emagine Polska,1.0,262080.0,302400.0,282240.0,15.384615384615385,Not Specified,Saturday,True
pl,Join Our IT Talent Pool of DevOps Engineers,,,full_time,IT,2026-03-14 02:06:09+00:00,Polska,False,emagine Polska,1.0,,,,,Not Specified,Saturday,False
pl,Senior Data Scientist - Operations m f n,,,full_time,IT,2026-03-24 02:09:40+00:00,"Kraków, małopolskie",False,InPost,1.0,,,,,Senior,Tuesday,False
pl,Senior Solutions Architect ( Exchange & Teams) @ Bayer,242880.0,303600.0,full_time,IT,2025-12-16 00:53:32+00:00,"Warszawa, mazowieckie",False,Bayer,1.0,242880.0,303600.0,273240.0,25.0,Senior,Tuesday,True
us,Licensed Professional Counselor (Virtual),80120.15,80120.15,Not specified,Healthcare & Nursing Jobs,2026-04-01 22:17:55+00:00,"State Farm, Arlington County",True,Headway,3.6167,289770.546505,289770.546505,289770.546505,0.0,,Wednesday,True
gb,"SEN / SEND Tutor, Somerset / Bristol",58240.0,72800.0,part_time,Teaching Jobs,2026-01-15 02:27:45+00:00,"Cuttifords Door, Chard",False,Targeted Provision Ltd,4.8935,284997.44,356246.80000000005,320622.12,25.000000000000018,,Thursday,True
gb,Chef Opportunities,28080.0,29120.0,Not specified,Hospitality & Catering Jobs,2026-03-12 21:19:47+00:00,"Felpham, Bognor Regis",False,Butlin's,4.8935,137409.48,142498.72,139954.1,3.7037037037036966,,Thursday,True
pl,Senior Project Manager Banking Industry @ Margo,,,full_time,IT,2026-03-21 01:44:27+00:00,Polska,False,Margo,1.0,,,,,Senior,Saturday,False
us,Audit IT Assurance Intern Summer 2026,79287.52,79287.52,full_time,IT,2025-12-04 16:09:52+00:00,"Chicago, Cook County",True,Crowe,3.6167,286759.173584,286759.173584,286759.173584,0.0,Junior,Thursday,True
us,Licensed Mental Health Therapist,78842.5,78842.5,Not specified,Healthcare & Nursing Jobs,2026-02-26 02:01:41+00:00,"Plano, Collin County",True,Headway,3.6167,285149.66975,285149.66975,285149.66975,0.0,,Thursday,True
gb,Handyman (Self-Employed),47281.39,47281.39,Not specified,Trade & Construction Jobs,2025-05-16 09:52:05+00:00,"Exeter, Devon",True,MyJobQuote,4.8935,231371.481965,231371.481965,231371.481965,0.0,,Friday,True
pl,IT Specialist,,,full_time,IT,2026-03-10 02:14:46+00:00,"Brześć Kujawski, kujawsko-pomorskie",False,Silky Coders,1.0,,,,,Not Specified,Tuesday,False
gb,Senior IT Technician,27780.0,27780.0,full_time,IT,2026-03-10 21:19:10+00:00,"Waterlooville, Hampshire",False,Oaklands Catholic School,4.8935,135941.43000000002,135941.43000000002,135941.43000000002,0.0,Senior,Tuesday,True
gb,IT Staging Engineer,35776.0,35776.0,Not specified,IT,2026-03-12 15:45:32+00:00,"Maney, Sutton Coldfield",False,TXP,4.8935,175069.85600000003,175069.85600000003,175069.85600000003,0.0,Not Specified,Thursday,True
gb,Plasterer (Self-Employed),48040.44,48040.44,Not specified,Trade & Construction Jobs,2025-05-16 09:50:15+00:00,"Paisley, Renfrewshire",True,MyJobQuote,4.8935,235085.89314000003,235085.89314000003,235085.89314000003,0.0,,Friday,True
pl,IT Systemadministrator SAN und Storage m w d,,,full_time,IT,2026-04-02 03:08:25+00:00,Polska,False,emagine Polska,1.0,,,,,Not Specified,Thursday,False
gb,IT Technician,26400.0,28598.0,full_time,IT,2026-03-12 21:30:13+00:00,"Heeley, Sheffield",False,Hays Technology,4.8935,129188.40000000001,139944.31300000002,134566.35650000002,8.325757575757587,Not Specified,Thursday,True
gb,Retail Team Member,14.0,14.0,full_time,Retail Jobs,2026-04-02 07:58:08+00:00,"Portree, Highland",False,Co-op,4.8935,822.108,822.108,822.108,0.0,,Thursday,True
us,Lead IT Systems Engineer - Public Sector,161031.16,161031.16,full_time,Engineering Jobs,2026-02-20 06:06:33+00:00,"Montpelier, Washington County",True,Lumen,3.6167,582401.396372,582401.396372,582401.396372,0.0,,Friday,True
us,Registered Nurse,37155.15,37155.15,full_time,Healthcare & Nursing Jobs,2026-02-01 02:40:40+00:00,"Waterford, Erie County",True,Encompass Health Rehabilitation Hospital of Erie,3.6167,134379.031005,134379.031005,134379.031005,0.0,,Sunday,True
pl,Doradca / Doradczyni ds. kluczowych klientów @ Leroy Merlin,,,full_time,IT,2026-04-02 03:38:24+00:00,"Wrocław, dolnośląskie",False,Leroy Merlin,1.0,,,,,Not Specified,Thursday,False
pl,Mid/Senior Fullstack Engineer with Django and networks @ CodiLime,198000.0,300000.0,full_time,IT,2026-03-28 01:46:16+00:00,Polska,False,CodiLime,1.0,198000.0,300000.0,249000.0,51.515151515151516,Senior,Saturday,True
pl,Ekspert Ekspertka IT Security,,,full_time,IT,2026-02-28 01:57:36+00:00,"Warszawa, mazowieckie",False,B2Bnetwork,1.0,,,,,Not Specified,Saturday,False
gb,Decorator (Self-Employed),45556.14,45556.14,Not specified,Trade & Construction Jobs,2025-05-16 09:50:33+00:00,"Belgrave, Chester",True,MyJobQuote,4.8935,222928.97109,222928.97109,222928.97109,0.0,,Friday,True
gb,IT Support Shift Lead,40000.0,40000.0,full_time,IT,2026-03-06 03:58:48+00:00,"Belfast, Northern Ireland",False,VANRATH,4.8935,195740.00000000003,195740.00000000003,195740.00000000003,0.0,Senior,Friday,True
gb,Chef Opportunities,28080.0,29120.0,Not specified,Hospitality & Catering Jobs,2026-03-12 21:19:47+00:00,"Langford, Cullompton",False,Butlin's,4.8935,137409.48,142498.72,139954.1,3.7037037037036966,,Thursday,True
us,Registered Nurse ICU Float Pool,118374.11,118374.11,part_time,Healthcare & Nursing Jobs,2026-03-01 01:49:44+00:00,"El Paso, El Paso County",True,Las Palmas Medical Center,3.6167,428123.643637,428123.643637,428123.643637,0.0,,Sunday,True
us,IT Support Specialist,59987.31,59987.31,Not specified,IT,2026-04-02 09:07:02+00:00,"Schiller Park, Cook County",True,TEKsystems c/o Allegis Group,3.6167,216956.10407699997,216956.10407699997,216956.10407699997,0.0,Not Specified,Thursday,True
pl,Java Kotlin Craftsman,264000.0,360000.0,full_time,IT,2026-03-14 02:32:29+00:00,"Białystok, podlaskie",False,Calamari,1.0,264000.0,360000.0,312000.0,36.36363636363637,Not Specified,Saturday,True
pl,"Software Engineer (Python, Kubernetes, AI/ML) @ Gcore",204000.0,280800.0,full_time,IT,2026-03-06 01:38:18+00:00,Polska,False,Gcore,1.0,204000.0,280800.0,242400.0,37.64705882352941,Not Specified,Friday,True
pl,Senior IT Business Analyst - Freelance,241920.0,282240.0,full_time,IT,2026-01-30 01:37:50+00:00,"Łódź, łódzkie",False,Netguru,1.0,241920.0,282240.0,262080.0,16.666666666666664,Senior,Friday,True
gb,IT Manager,60000.0,72000.0,Not specified,IT,2026-04-03 04:24:33+00:00,"Earley, Reading",False,Technify Talent Limited,4.8935,293610.0,352332.00000000006,322971.0,20.00000000000002,Not Specified,Friday,True
gb,Team Lead – Detail Design,66162.1,66162.1,Not specified,Engineering Jobs,2026-03-25 11:33:15+00:00,"Calderbank, Airdrie",True,BAE Systems,4.8935,323764.2363500001,323764.2363500001,323764.2363500001,0.0,,Wednesday,True
gb,Care Assistant,12.0,13.0,full_time,Social work Jobs,2026-04-02 11:48:38+00:00,UK,False,Constance Care Limited,4.8935,704.6640000000001,763.3860000000001,734.0250000000001,8.333333333333329,,Thursday,True
us,Regional CDL A Drivers,67734.51,67734.51,full_time,Logistics & Warehouse Jobs,2026-04-01 01:04:40+00:00,"Blissfield, Lenawee County",True,Premier Transportation,3.6167,244975.40231699997,244975.40231699997,244975.40231699997,0.0,,Wednesday,True
gb,Head of IT,60000.0,70000.0,full_time,IT,2026-03-20 19:04:23+00:00,"Burton, Christchurch",False,Hunter Selection,4.8935,293610.0,342545.0,318077.5,16.666666666666664,Senior,Friday,True
gb,IT Support Engineer,45000.0,45000.0,full_time,IT,2026-03-27 22:19:25+00:00,"Slough, Berkshire",False,vertex-it-solutions,4.8935,220207.50000000003,220207.50000000003,220207.50000000003,0.0,Not Specified,Friday,True
us,IT Business Analyst/HR,140525.42,140525.42,full_time,IT,2026-02-10 04:57:41+00:00,"Kennesaw, Cobb County",True,World Wide Technology,3.6167,508238.28651400004,508238.28651400004,508238.28651400004,0.0,Not Specified,Tuesday,True
us,"House Parents - Relocation to Hershey, PA Required",81638.7,81638.7,full_time,Healthcare & Nursing Jobs,2025-10-03 01:20:17+00:00,"Oshtemo, Kalamazoo County",True,Milton Hershey School,3.6167,295262.68629,295262.68629,295262.68629,0.0,,Friday,True
us,Lead IT Systems Engineer - Public Sector,169217.22,169217.22,full_time,Engineering Jobs,2026-02-18 18:00:41+00:00,"Kansas City, Wyandotte County",True,Lumen,3.6167,612007.9195739999,612007.9195739999,612007.9195739999,0.0,,Wednesday,True
gb,Decorator (Self-Employed),38813.84,38813.84,Not specified,Trade & Construction Jobs,2025-05-16 09:51:17+00:00,"Blackpool, Lancashire",True,MyJobQuote,4.8935,189935.52604,189935.52604,189935.52604,0.0,,Friday,True
gb,Stock Controller,27592.0,27592.0,Not specified,Retail Jobs,2026-03-19 11:12:15+00:00,"Melton Mowbray, Leicestershire",False,Samworth Brothers,4.8935,135021.45200000002,135021.45200000002,135021.45200000002,0.0,,Thursday,True
pl,Senior iOS Developer,262080.0,312480.0,full_time,IT,2025-07-17 22:38:45+00:00,"Warszawa, mazowieckie",False,4IT Solutions,1.0,262080.0,312480.0,287280.0,19.230769230769234,Senior,Thursday,True
pl,Senior Account Executive,108000.0,144000.0,full_time,"PR, reklama, marketing",2026-03-19 02:08:32+00:00,"Kraków, małopolskie",False,BIGGERB INTERACTIVE SP. Z O.O.,1.0,108000.0,144000.0,126000.0,33.33333333333333,,Thursday,True
gb,Junior Quantity Surveyor,36949.95,36949.95,Not specified,Trade & Construction Jobs,2026-02-24 10:27:18+00:00,"Belfast, Northern Ireland",True,HAYS,4.8935,180814.580325,180814.580325,180814.580325,0.0,,Tuesday,True
us,Regional CDL A Drivers,71563.33,71563.33,full_time,Logistics & Warehouse Jobs,2026-04-01 01:03:24+00:00,"Harrisburg, Cabarrus County",True,Premier Transportation,3.6167,258823.095611,258823.095611,258823.095611,0.0,,Wednesday,True
gb,Vehicle Technician / MOT Tester,32971.0,35000.0,full_time,Engineering Jobs,2026-03-18 17:37:49+00:00,"Leicester, Leicestershire",False,Halfords,4.8935,161343.5885,171272.5,166308.04425,6.153892814897932,,Wednesday,True
gb,IT Service Desk Engineer Multi Lingual,28000.0,28000.0,Not specified,IT,2026-03-29 12:57:05+00:00,"Sneinton, Nottingham",False,Littlefish,4.8935,137018.0,137018.0,137018.0,0.0,Not Specified,Sunday,True
gb,Bathroom Fitter (Self-Employed),40237.02,40237.02,Not specified,Trade & Construction Jobs,2025-05-16 09:50:58+00:00,"Spalding, Lincolnshire",True,MyJobQuote,4.8935,196899.85737,196899.85737,196899.85737,0.0,,Friday,True
us,IT Intern with Security Clearance,51424.35,51424.35,Not specified,IT,2026-04-02 00:54:29+00:00,"Lexington Park, St. Mary's County",True,"NAVAL SYSTEMS, INC.",3.6167,185986.446645,185986.446645,185986.446645,0.0,Junior,Thursday,True
gb,IT Manager,60000.0,60000.0,Not specified,IT,2026-03-26 07:33:14+00:00,"Nottingham, Nottinghamshire",False,BTG Recruitment,4.8935,293610.0,293610.0,293610.0,0.0,Not Specified,Thursday,True
gb,Field Interviewer - Part Time,14.0,14.0,part_time,Part time Jobs,2026-04-01 11:25:40+00:00,"South Ayrshire, Scotland",False,Ipsos,4.8935,822.108,822.108,822.108,0.0,,Wednesday,True
gb,IT Graduate,31200.0,32500.0,full_time,Graduate Jobs,2026-03-26 16:24:20+00:00,"Surrey, South East England",False,Proactive Appointments,4.8935,152677.2,159038.75,155857.975,4.166666666666659,,Thursday,True
us,$250/60min Paid Market Research Study for Head of IT in the IT Sector,91453.5,91453.5,Not specified,IT,2026-03-13 10:28:54+00:00,"Grand Central, Manhattan",True,Ivy Exec,3.6167,330759.87344999996,330759.87344999996,330759.87344999996,0.0,Senior,Friday,True
gb,IT Systems Analyst,40000.0,50000.0,full_time,IT,2026-03-10 21:15:18+00:00,"Maidstone, Kent",False,INTEC SELECT LIMITED,4.8935,195740.00000000003,244675.00000000003,220207.50000000003,24.999999999999996,Not Specified,Tuesday,True
us,IT Business Analyst/HR,127324.68,127324.68,full_time,IT,2026-02-14 17:52:15+00:00,"Chesapeake, Chesapeake City",True,World Wide Technology,3.6167,460495.17015599995,460495.17015599995,460495.17015599995,0.0,Not Specified,Saturday,True
gb,Senior IT Manager - Systems,80000.0,90000.0,full_time,IT,2026-03-09 19:10:54+00:00,"Letchworth Garden City, Hertfordshire",False,Reed,4.8935,391480.00000000006,440415.00000000006,415947.50000000006,12.499999999999998,Senior,Monday,True
us,Lead IT Systems Engineer - Public Sector,185414.33,185414.33,full_time,Engineering Jobs,2026-02-20 06:06:32+00:00,"San Jose, Santa Clara County",True,Lumen,3.6167,670588.0073109999,670588.0073109999,670588.0073109999,0.0,,Friday,True
pl,Architekt / Architektka Systemów IT @ Santander Consumer Bank,,,full_time,IT,2026-03-21 01:44:28+00:00,"Wrocław, dolnośląskie",False,Santander Consumer Bank,1.0,,,,,Not Specified,Saturday,False
gb,IT Teacher - SEMH SEN School,39000.0,57200.0,Not specified,Teaching Jobs,2026-03-12 17:32:10+00:00,"Ipswich, Suffolk",False,Randstad Education,4.8935,190846.50000000003,279908.2,235377.35000000003,46.66666666666665,,Thursday,True
gb,Kitchen Fitter (Self-Employed),39535.09,39535.09,Not specified,Trade & Construction Jobs,2025-05-16 09:50:58+00:00,"Wolverhampton, West Midlands",True,MyJobQuote,4.8935,193464.962915,193464.962915,193464.962915,0.0,,Friday,True
pl,IT System Engineer - Storage Backup & Virtualisierung m w d,,,full_time,IT,2026-03-14 02:33:03+00:00,Polska,False,emagine Polska,1.0,,,,,Not Specified,Saturday,False
gb,"SEN / SEND Tutor, Lancashire",58240.0,72800.0,part_time,Teaching Jobs,2026-01-15 02:27:53+00:00,"Altham West, Accrington",False,Targeted Provision Ltd,4.8935,284997.44,356246.80000000005,320622.12,25.000000000000018,,Thursday,True
gb,Plumber (Self-Employed),54409.29,54409.29,Not specified,Trade & Construction Jobs,2025-05-16 09:51:24+00:00,"Stevenage, Hertfordshire",True,MyJobQuote,4.8935,266251.860615,266251.860615,266251.860615,0.0,,Friday,True
pl,IT Rekruter,96000.0,144000.0,full_time,HR i rekrutacja,2026-03-27 02:04:16+00:00,"Poznań, wielkopolskie",False,Bluebinary.io,1.0,96000.0,144000.0,120000.0,50.0,,Friday,True
pl,IT OT Ekspert Ekspertka,,,full_time,IT,2026-04-01 03:11:16+00:00,"Gdańsk, Trójmiasto",False,DCG,1.0,,,,,Not Specified,Wednesday,False
gb,IT Manager - Law Firm,70000.0,100000.0,full_time,IT,2026-03-31 15:35:14+00:00,"London, UK",False,Clear IT Recruitment Limited,4.8935,342545.0,489350.00000000006,415947.5,42.85714285714287,Not Specified,Tuesday,True
pl,Senior UX UI Designer,,,full_time,IT,2026-03-05 02:26:34+00:00,"Poznań, wielkopolskie",False,DO OK • Life-changing software services,1.0,,,,,Senior,Thursday,False
us,"Occupational Therapist (OT), Pool",121960.5,121960.5,full_time,Healthcare & Nursing Jobs,2025-10-06 17:36:22+00:00,"Pear Valley, McCulloch County",True,"Shannon Rehabilitation Hospital, an affiliate of Encompass Health",3.6167,441094.54034999997,441094.54034999997,441094.54034999997,0.0,,Monday,True
gb,Delivery Driver (Redditch),37885.44,37885.44,full_time,Logistics & Warehouse Jobs,2026-03-30 03:59:23+00:00,"Ipsley, Redditch",True,Evri,4.8935,185392.40064000004,185392.40064000004,185392.40064000004,0.0,,Monday,True
gb,Principal Engineer – Safety & Environmental Engineering,53825.48,53825.48,Not specified,Engineering Jobs,2025-11-25 22:48:08+00:00,"Flookburgh, Grange-Over-Sands",True,BAE Systems,4.8935,263394.98638,263394.98638,263394.98638,0.0,,Tuesday,True
pl,Erfarne IT-freelancere søges til high-end projekter i hele Danmark,,,full_time,IT,2026-03-18 02:16:08+00:00,Polska,False,emagine Polska,1.0,,,,,Not Specified,Wednesday,False
gb,IT Vendor & Asset Manager,45000.0,45000.0,full_time,IT,2026-03-14 09:10:39+00:00,"Lincoln, Lincolnshire",False,Ashdown Group,4.8935,220207.50000000003,220207.50000000003,220207.50000000003,0.0,Not Specified,Saturday,True
gb,Gopuff Delivery Riders - Choose when you work!,42287.61,42287.61,Not specified,Travel Jobs,2026-04-01 06:08:58+00:00,"Stratford, East London",True,Gopuff,4.8935,206934.41953500002,206934.41953500002,206934.41953500002,0.0,,Wednesday,True
pl,Inżynier ds. infrastruktury on‑premise i chmurowej (k / m) @ Bankowy Fundusz Gwarancyjny,,,full_time,IT,2026-03-21 01:44:27+00:00,"Warszawa, mazowieckie",False,Bankowy Fundusz Gwarancyjny,1.0,,,,,Not Specified,Saturday,False
gb,Gopuff Delivery Drivers or Riders - Choose when you work!,56410.07,56410.07,Not specified,Travel Jobs,2026-04-01 05:09:06+00:00,"Cranford, Hounslow",True,Gopuff,4.8935,276042.67754500004,276042.67754500004,276042.67754500004,0.0,,Wednesday,True
pl,Full-stack Back-end Developer C++ Angular,144000.0,204000.0,full_time,IT,2026-03-11 02:41:26+00:00,"Kraków, małopolskie",False,Motorola Solutions,1.0,144000.0,204000.0,174000.0,41.66666666666667,Not Specified,Wednesday,True
pl,IT Analyst Big Data,181440.0,201600.0,full_time,IT,2026-02-14 02:15:10+00:00,"Szczecin, zachodniopomorskie",False,Link Group,1.0,181440.0,201600.0,191520.0,11.11111111111111,Not Specified,Saturday,True
gb,Mobile Vehicle Technician - Northampton,40170.0,44385.0,full_time,Engineering Jobs,2026-03-02 13:47:18+00:00,"Newnham, Daventry",False,RAC,4.8935,196571.89500000002,217197.99750000003,206884.94625000004,10.492905153099331,,Monday,True
gb,Senior IT Manager,70000.0,75000.0,full_time,IT,2026-03-20 17:14:18+00:00,"Newport, Wales",False,Robert Half,4.8935,342545.0,367012.50000000006,354778.75,7.14285714285716,Senior,Friday,True
gb,IT Manager - Cyber Defence,77256.08,77256.08,Not specified,IT,2026-02-26 12:31:07+00:00,"Newcastle Upon Tyne, Tyne & Wear",True,Mott MacDonald,4.8935,378052.62748,378052.62748,378052.62748,0.0,Not Specified,Thursday,True
gb,Senior EUC IT Support Engineer,50700.0,58500.0,Not specified,IT,2026-03-12 21:33:08+00:00,"Bicester, Oxfordshire",False,Advanced Resource Managers Limited,4.8935,248100.45,286269.75,267185.1,15.38461538461538,Senior,Thursday,True
us,Lead IT Systems Engineer - Public Sector,165968.95,165968.95,full_time,Engineering Jobs,2026-02-20 06:06:32+00:00,"Raleigh, Wake County",True,Lumen,3.6167,600259.901465,600259.901465,600259.901465,0.0,,Friday,True
us,IT Program Manager,129118.77,129118.77,Not specified,IT,2026-03-27 10:10:29+00:00,"Kihei, Maui",True,Na Oiwi Kane,3.6167,466983.855459,466983.855459,466983.855459,0.0,Not Specified,Friday,True
pl,HTML Design Specialist,72000.0,96000.0,full_time,IT,2025-02-21 14:02:16+00:00,"Wrocław, dolnośląskie",False,CodeTwo - HRejterzy,1.0,72000.0,96000.0,84000.0,33.33333333333333,Not Specified,Friday,True
us,$250/60min Paid Market Research Study for VP of IT in the IT Sector,91355.09,91355.09,Not specified,IT,2026-03-13 10:28:53+00:00,"Portland, Multnomah County",True,Ivy Exec,3.6167,330403.954003,330403.954003,330403.954003,0.0,Not Specified,Friday,True
pl,Architekt IT/Architektka IT,,,Not specified,Księgowość i finanse,2025-09-12 18:46:40+00:00,"Poznań, wielkopolskie",False,PwC,1.0,,,,,,Friday,False
us,Lead IT Systems Engineer - Public Sector,175750.78,175750.78,full_time,Engineering Jobs,2026-02-20 06:06:32+00:00,"Arcata, Humboldt County",True,Lumen,3.6167,635637.846026,635637.846026,635637.846026,0.0,,Friday,True
gb,IT Manager,78000.0,104000.0,Not specified,IT,2026-03-30 15:28:12+00:00,"London, UK",False,VIQU IT,4.8935,381693.00000000006,508924.00000000006,445308.50000000006,33.33333333333333,Not Specified,Monday,True
gb,IT Manager,45841.34,45841.34,full_time,IT,2026-03-12 12:32:00+00:00,"Manchester, Greater Manchester",True,Simpson Judge Ltd,4.8935,224324.59729,224324.59729,224324.59729,0.0,Not Specified,Thursday,True
gb,Pharmacy Manager,47456.85,47456.85,full_time,Healthcare & Nursing Jobs,2026-02-18 14:48:17+00:00,"Great Hallingbury, Bishop's Stortford",True,Ramsay Health Care,4.8935,232230.095475,232230.095475,232230.095475,0.0,,Wednesday,True
us,Physician-Internal Medicine: General,141784.34,141784.34,Not specified,Healthcare & Nursing Jobs,2026-04-01 16:12:52+00:00,"Sun City West, Maricopa County",True,Banner Health,3.6167,512791.42247799993,512791.42247799993,512791.42247799993,0.0,,Wednesday,True
gb,Bathroom Fitter (Self-Employed),46492.38,46492.38,Not specified,Trade & Construction Jobs,2025-05-16 09:50:20+00:00,"Gloucester, Gloucestershire",True,MyJobQuote,4.8935,227510.46153,227510.46153,227510.46153,0.0,,Friday,True
pl,Analityk IT,,,Not specified,IT,2025-10-21 12:19:30+00:00,Polska,False,Simplicity,1.0,,,,,Not Specified,Tuesday,False
us,"Youth Development Specialist - Relocation to Hershey, PA Required",63089.28,63089.28,full_time,Healthcare & Nursing Jobs,2025-10-03 01:20:21+00:00,"Maroa, Macon County",True,Milton Hershey School,3.6167,228174.99897599997,228174.99897599997,228174.99897599997,0.0,,Friday,True
pl,Inżynier IT,,,Not specified,Unknown,2025-05-04 20:07:28+00:00,Polska,False,HRS IT Sp. z o.o.,1.0,,,,,,Sunday,False
us,IT Specialist with Security Clearance,52808.17,52808.17,Not specified,IT,2026-01-08 11:18:12+00:00,"New Orleans, Orleans Parish",True,Eliassen Group,3.6167,190991.308439,190991.308439,190991.308439,0.0,Not Specified,Thursday,True
gb,IT Manager,40000.0,50000.0,Not specified,Teaching Jobs,2026-03-06 23:20:54+00:00,UK,False,GreatFind Recruitment,4.8935,195740.00000000003,244675.00000000003,220207.50000000003,24.999999999999996,,Friday,True
gb,Driving Instructor (Driving Licence Required),41217.55,41217.55,full_time,Teaching Jobs,2025-10-20 14:26:23+00:00,"Chapeltown, Sheffield",True,My Four Wheels,4.8935,201698.08092500002,201698.08092500002,201698.08092500002,0.0,,Monday,True
pl,Software Engineer iOS,432000.0,559200.0,full_time,IT,2026-03-20 02:07:10+00:00,"Rzeszów, podkarpackie",False,Revolut,1.0,432000.0,559200.0,495600.0,29.444444444444446,Not Specified,Friday,True
pl,Młodszy/a Specjalista/ka ds. Wsparcia IT z językiem niemieckim (Sourcing Requisition) @ Capgemini,,,full_time,IT,2026-02-21 01:36:34+00:00,Polska,False,Capgemini,1.0,,,,,Junior,Saturday,False
us,IT Support,87513.73,87513.73,Not specified,IT,2026-03-13 21:48:37+00:00,"Ridgeside, Hamilton County",True,Robert Half,3.6167,316510.90729099995,316510.90729099995,316510.90729099995,0.0,Not Specified,Friday,True
gb,Field Market Research Interviewer | Part‑Time | Paid per Shift,55.0,65.0,part_time,"PR, Advertising & Marketing Jobs",2026-04-01 17:33:18+00:00,"Motherwell, North Lanarkshire",False,Ipsos,4.8935,3229.7100000000005,3816.9300000000003,3523.32,18.181818181818173,,Wednesday,True
gb,IT Account Manager,30000.0,40000.0,full_time,Sales Jobs,2026-01-06 20:31:08+00:00,"Shoreham-By-Sea, West Sussex",False,Focus Group,4.8935,146805.0,195740.00000000003,171272.5,33.33333333333336,,Tuesday,True
pl,"Senior Software Engineer, Box Apps @ Box Inc.",360000.0,468000.0,full_time,IT,2026-03-21 01:44:28+00:00,"Warszawa, mazowieckie",False,Box Inc.,1.0,360000.0,468000.0,414000.0,30.0,Senior,Saturday,True
us,Lead IT Systems Engineer - Public Sector,170370.8,170370.8,full_time,Engineering Jobs,2026-02-20 06:06:33+00:00,"Auburn, Androscoggin County",True,Lumen,3.6167,616180.0723599999,616180.0723599999,616180.0723599999,0.0,,Friday,True
us,Lead IT Systems Engineer - Public Sector,170591.27,170591.27,full_time,Engineering Jobs,2026-02-20 06:06:32+00:00,"Cranston, Providence County",True,Lumen,3.6167,616977.446209,616977.446209,616977.446209,0.0,,Friday,True
gb,Freezer Warehouse Operative - Bristol,13.0,13.0,full_time,Logistics & Warehouse Jobs,2026-03-12 15:35:58+00:00,"Worle, Weston-Super-Mare",False,Ocado Logistics,4.8935,763.3860000000001,763.3860000000001,763.3860000000001,0.0,,Thursday,True
us,Instacart Delivery Driver - Flexible Hours,76211.98,76211.98,part_time,Hospitality & Catering Jobs,2026-02-16 05:33:56+00:00,"Hillsborough, Somerset County",True,Instacart Shoppers,3.6167,275635.868066,275635.868066,275635.868066,0.0,,Monday,True
us,"Residential Youth Caregiver - Relocation to Hershey, PA Required",76265.92,76265.92,full_time,Healthcare & Nursing Jobs,2025-10-03 01:19:49+00:00,"Soledad, Monterey County",True,Milton Hershey School,3.6167,275830.952864,275830.952864,275830.952864,0.0,,Friday,True
us,Lead IT Systems Engineer - Public Sector,173858.34,173858.34,full_time,Engineering Jobs,2026-02-18 18:00:41+00:00,"Augusta, Kennebec County",True,Lumen,3.6167,628793.458278,628793.458278,628793.458278,0.0,,Wednesday,True
pl,Lekarka\Lekarz Pulmonolog - Poznań,,,full_time,IT,2026-01-15 01:30:43+00:00,"Poznań, wielkopolskie",False,VB Idea Prosta Spółka Akcyjna,1.0,,,,,Not Specified,Thursday,False
pl,Customer Relations Specialist język angielski,,,full_time,Inna/ogólna,2026-01-15 01:28:52+00:00,"Wrocław, dolnośląskie",False,CodeTwo sp. z o.o. sp. k.,1.0,,,,,,Thursday,False
pl,Regular / Senior Java Developer @ Scalo,324.0,396.0,full_time,IT,2026-03-27 01:56:51+00:00,Polska,False,Scalo,1.0,3888.0,4752.0,4320.0,22.22222222222222,Senior,Friday,True
us,"House Parents - Relocation to Hershey, PA Required",65895.11,65895.11,full_time,Healthcare & Nursing Jobs,2025-10-03 01:17:41+00:00,"Pepper Pike, Cuyahoga County",True,Milton Hershey School,3.6167,238322.844337,238322.844337,238322.844337,0.0,,Friday,True
gb,IT Support Apprentice,20000.0,20000.0,Not specified,IT,2026-03-25 12:40:11+00:00,"Lochgilphead, Argyll & Bute",False,QA Limited,4.8935,97870.00000000001,97870.00000000001,97870.00000000001,0.0,Not Specified,Wednesday,True
us,Physical Therapist Asst. (PTA),72002.14,72002.14,part_time,Healthcare & Nursing Jobs,2026-02-01 02:45:47+00:00,"Livingston, Merced County",True,Encompass Health Rehabilitation Hospital of Modesto,3.6167,260410.139738,260410.139738,260410.139738,0.0,,Sunday,True
gb,Bathroom Fitter (Self-Employed),48115.55,48115.55,Not specified,Trade & Construction Jobs,2025-05-16 09:50:58+00:00,"Hadleigh, Ipswich",True,MyJobQuote,4.8935,235453.44392500003,235453.44392500003,235453.44392500003,0.0,,Friday,True
gb,Roadside Rescue Mechanic,0.0,61000.0,full_time,Engineering Jobs,2025-12-11 15:07:10+00:00,"Reddish, Stockport",False,RAC,4.8935,,298503.5,,,,Thursday,True
gb,IT Coordinator,29120.0,31200.0,Not specified,IT,2026-03-10 16:30:27+00:00,"Covent Garden, Central London",False,Office Angels,4.8935,142498.72,152677.2,147587.96000000002,7.142857142857151,Not Specified,Tuesday,True
us,Lead IT Systems Engineer - Public Sector,206446.94,206446.94,full_time,Engineering Jobs,2026-02-20 06:06:32+00:00,"Waipahu, Honolulu",True,Lumen,3.6167,746656.647898,746656.647898,746656.647898,0.0,,Friday,True
us,Registered Nurse,47029.2,47029.2,full_time,Healthcare & Nursing Jobs,2026-04-01 05:14:59+00:00,"Atlas, Northumberland County",True,Geisinger Encompass Health Rehabilitation Hospital,3.6167,170090.50763999997,170090.50763999997,170090.50763999997,0.0,,Wednesday,True
us,IT Service Technician,52147.11,52147.11,Not specified,IT,2026-03-27 10:10:35+00:00,"Wake Island, Honolulu",True,GovCIO,3.6167,188600.45273699999,188600.45273699999,188600.45273699999,0.0,Not Specified,Friday,True
gb,Structural Welder,35326.11,35326.11,Not specified,Engineering Jobs,2026-03-28 02:47:46+00:00,"Barrow-In-Furness, Cumbria",True,BAE Systems,4.8935,172868.319285,172868.319285,172868.319285,0.0,,Saturday,True
gb,Principal Product Safety Engineer,50083.52,50083.52,Not specified,Engineering Jobs,2024-12-12 20:22:16+00:00,"Bogend, Symington",True,BAE Systems,4.8935,245083.70512,245083.70512,245083.70512,0.0,,Thursday,True
gb,IT Testing,40896.2,40896.2,full_time,IT,2025-07-10 16:00:41+00:00,UK,True,infosys,4.8935,200125.5547,200125.5547,200125.5547,0.0,Not Specified,Thursday,True
us,Registered Nurse,60722.56,60722.56,full_time,Healthcare & Nursing Jobs,2026-04-01 05:16:56+00:00,"Portland, Callaway County",True,"Rusk Rehabilitation Hospital, an affiliation of Encompass Health and MU Health Care",3.6167,219615.28275199997,219615.28275199997,219615.28275199997,0.0,,Wednesday,True
us,"IT Support Engineer I, LEO IT Services",94878.64,94878.64,Not specified,IT,2026-02-11 23:08:48+00:00,"Pinehurst, Snohomish County",True,Amazon,3.6167,343147.577288,343147.577288,343147.577288,0.0,Not Specified,Wednesday,True
gb,Plumber (Self-Employed),41497.5,41497.5,Not specified,Trade & Construction Jobs,2025-05-16 09:50:40+00:00,"Rutland, East Midlands",True,MyJobQuote,4.8935,203068.01625000002,203068.01625000002,203068.01625000002,0.0,,Friday,True
us,Regional CDL A Drivers,74092.1,74092.1,full_time,Logistics & Warehouse Jobs,2026-04-01 01:04:39+00:00,"Lambertville, Monroe County",True,Premier Transportation,3.6167,267968.89807,267968.89807,267968.89807,0.0,,Wednesday,True
gb,Lead Electrical Design Engineer,45922.91,45922.91,Not specified,Engineering Jobs,2026-03-28 02:47:47+00:00,"Greenock, Inverclyde",True,BAE Systems,4.8935,224723.76008500005,224723.76008500005,224723.76008500005,0.0,,Saturday,True
gb,Financial Controller - £65-80K,47934.36,47934.36,Not specified,Accounting & Finance Jobs,2026-02-24 10:27:15+00:00,"Abergele, Conwy County",True,HAYS,4.8935,234566.79066000003,234566.79066000003,234566.79066000003,0.0,,Tuesday,True
pl,IT Architect @ Integral Solutions,1080.0,1584.0,full_time,IT,2026-02-07 01:28:00+00:00,"Warszawa, mazowieckie",False,Integral Solutions,1.0,12960.0,19008.0,15984.0,46.666666666666664,Not Specified,Saturday,True
gb,Senior Engineer -Nuclear Assurance,41702.21,41702.21,Not specified,Engineering Jobs,2026-03-26 02:34:26+00:00,"Askam-In-Furness, Cumbria",True,BAE Systems,4.8935,204069.764635,204069.764635,204069.764635,0.0,,Thursday,True
pl,IT Project Manager / Scrum Master @ Antal,,,full_time,IT,2026-01-31 01:21:26+00:00,"Kraków, małopolskie",False,Antal,1.0,,,,,Not Specified,Saturday,False
pl,Siebel IT Operations Specialist @ Capgemini,,,full_time,IT,2026-03-26 01:47:48+00:00,Polska,False,Capgemini,1.0,,,,,Not Specified,Thursday,False
pl,Kucharz z doświadczeniem w kuchni Wege,84000.0,108000.0,full_time,IT,2026-01-24 01:34:29+00:00,"Gdańsk, Trójmiasto",False,Diety od Brokuła,1.0,84000.0,108000.0,96000.0,28.57142857142857,Not Specified,Saturday,True
gb,Mobile Vehicle Technician - Northampton,0.0,52000.0,full_time,Engineering Jobs,2026-03-02 13:47:19+00:00,"Crowfield, Brackley",False,RAC,4.8935,,254462.00000000003,,,,Monday,True
pl,Kierownik Wydziału IT - Salesforce,,,full_time,IT,2026-01-28 01:42:39+00:00,"Warszawa, mazowieckie",False,Orange Polska,1.0,,,,,Senior,Wednesday,False
us,"Occupational Therapy Assistant - Largo, FL",54205.08,54205.08,part_time,Healthcare & Nursing Jobs,2026-03-31 21:04:27+00:00,"Belleair, Pinellas County",True,Encompass Health Rehabilitation Hospital of Largo,3.6167,196043.512836,196043.512836,196043.512836,0.0,,Tuesday,True
us,Lead IT Systems Engineer - Public Sector,178287.75,178287.75,full_time,Engineering Jobs,2026-02-20 06:06:32+00:00,"Seattle, King County",True,Lumen,3.6167,644813.3054249999,644813.3054249999,644813.3054249999,0.0,,Friday,True
us,IT Business Analyst/HR,133678.64,133678.64,full_time,IT,2026-02-14 17:52:14+00:00,"Warren, Macomb County",True,World Wide Technology,3.6167,483475.53728800005,483475.53728800005,483475.53728800005,0.0,Not Specified,Saturday,True
us,IT Business Analyst/HR,132269.38,132269.38,full_time,IT,2026-02-10 04:57:42+00:00,"Clinton, Clinton County",True,World Wide Technology,3.6167,478378.666646,478378.666646,478378.666646,0.0,Not Specified,Tuesday,True
us,CDL Driver- Class B (Hazmat),69683.45,69683.45,full_time,Logistics & Warehouse Jobs,2026-02-01 06:30:12+00:00,"Roslindale, Suffolk County",True,Clean Harbors,3.6167,252024.13361499997,252024.13361499997,252024.13361499997,0.0,,Sunday,True
gb,IT Graduate,25000.0,28000.0,full_time,Graduate Jobs,2026-03-24 15:37:06+00:00,"Bury St. Edmunds, Suffolk",False,Agilis Search,4.8935,122337.50000000001,137018.0,129677.75,11.999999999999988,,Tuesday,True
us,Speech Pathologist,83394.05,83394.05,part_time,Healthcare & Nursing Jobs,2026-03-31 21:01:23+00:00,"Largo, Pinellas County",True,Encompass Health Rehabilitation Hospital of Largo,3.6167,301611.260635,301611.260635,301611.260635,0.0,,Tuesday,True
pl,IT Operations Specialist Microservices & Databases,,,full_time,IT,2026-04-02 03:08:25+00:00,"Gdańsk, Trójmiasto",False,B2Bnetwork,1.0,,,,,Not Specified,Thursday,False
gb,WordPress Developer / All-Round IT Specialist,35000.0,42000.0,full_time,IT,2026-03-18 20:00:23+00:00,UK,False,Reed,4.8935,171272.5,205527.00000000003,188399.75,20.000000000000018,Not Specified,Wednesday,True
gb,Technical Manager,59969.46,59969.46,full_time,Manufacturing Jobs,2026-03-25 11:33:35+00:00,"Tiverton Junction, Cullompton",True,2 sisters Food Group,4.8935,293460.55251,293460.55251,293460.55251,0.0,,Wednesday,True
us,Instacart Delivery Driver - Flexible Hours,56027.38,56027.38,part_time,Hospitality & Catering Jobs,2026-01-12 06:19:32+00:00,"Jeannette, Westmoreland County",True,Instacart Shoppers,3.6167,202634.225246,202634.225246,202634.225246,0.0,,Monday,True
pl,Senior Python Engineer,,,full_time,IT,2026-03-14 02:21:39+00:00,"Poznań, wielkopolskie",False,EPAM Systems,1.0,,,,,Senior,Saturday,False
us,Endodontist or Dentist,182676.62,182676.62,part_time,Healthcare & Nursing Jobs,2026-03-10 08:35:25+00:00,"Kensington, Montgomery County",True,Porter Dental & Braces - a Benevis company,3.6167,660686.531554,660686.531554,660686.531554,0.0,,Tuesday,True
us,IT Contracts Advisor,82608.2,82608.2,Not specified,IT,2026-04-03 11:18:27+00:00,"Pineridge, Lexington County",True,BlueCross BlueShield Of South Carolina,3.6167,298769.07694,298769.07694,298769.07694,0.0,Not Specified,Friday,True
pl,Konsultantka IT / Konsultant IT,,,Not specified,IT,2026-03-07 16:53:36+00:00,"Warszawa, mazowieckie",False,Uczelnia Łazarskiego,1.0,,,,,Not Specified,Saturday,False
pl,Frontend Engineer Angular,201600.0,241920.0,full_time,IT,2026-03-26 02:07:16+00:00,"Warszawa, mazowieckie",False,Cyclad,1.0,201600.0,241920.0,221760.0,20.0,Not Specified,Thursday,True
pl,IT System Engineer,,,Not specified,IT,2026-03-26 22:59:14+00:00,"Gliwice, śląskie",False,GET IT TOGETHER SPÓŁKA Z OGRANICZONĄ ODPOWIEDZIALNOŚCIĄ,1.0,,,,,Not Specified,Thursday,False
gb,Market Research Interviewer - Car Required - Part Time,14.0,14.0,part_time,Part time Jobs,2026-04-01 11:25:39+00:00,"Witham Town, Boston",False,Ipsos,4.8935,822.108,822.108,822.108,0.0,,Wednesday,True
pl,Project Assistant IT Migration Analyst,120960.0,171360.0,full_time,IT,2026-03-04 02:09:45+00:00,"Gdynia, Trójmiasto",False,DCG,1.0,120960.0,171360.0,146160.0,41.66666666666667,Not Specified,Wednesday,True
gb,Senior IT Business Analyst,42000.0,54000.0,full_time,IT,2026-03-27 15:53:30+00:00,"Loudwater, Rickmansworth",False,INTRIX SYSTEMS LIMITED,4.8935,205527.00000000003,264249.0,234888.0,28.57142857142855,Senior,Friday,True
pl,Technical Product Owner,322560.0,362880.0,full_time,IT,2026-03-19 02:16:00+00:00,"Warszawa, mazowieckie",False,ITLT,1.0,322560.0,362880.0,342720.0,12.5,Not Specified,Thursday,True
gb,In House Legal Counsel - IT/Commercial,63730.95,63730.95,Not specified,Legal Jobs,2026-04-03 13:51:36+00:00,"London, UK",True,Marsden International Legal Search Limited,4.8935,311867.403825,311867.403825,311867.403825,0.0,,Friday,True
pl,IT Analyst,,,Not specified,IT,2026-03-15 17:51:18+00:00,"Kraków, małopolskie",False,B2B.NET S.A.,1.0,,,,,Not Specified,Sunday,False
gb,Roadside Mechanic,0.0,61000.0,full_time,Engineering Jobs,2026-02-05 17:38:16+00:00,"Oxford, Oxfordshire",False,RAC,4.8935,,298503.5,,,,Thursday,True
us,Speech Pathologist,57918.39,57918.39,part_time,Healthcare & Nursing Jobs,2026-02-02 17:37:35+00:00,"Thorndale, Chester County",True,Encompass Health Rehabilitation Hospital of Concordville,3.6167,209473.44111299998,209473.44111299998,209473.44111299998,0.0,,Monday,True
us,"Residential Youth Caregiver - Relocation to Hershey, PA Required",60195.62,60195.62,full_time,Healthcare & Nursing Jobs,2025-10-03 01:17:31+00:00,"Chenoa, McLean County",True,Milton Hershey School,3.6167,217709.498854,217709.498854,217709.498854,0.0,,Friday,True
us,$250/60min Paid Market Research Study for Head of IT in the IT Sector,96177.74,96177.74,Not specified,IT,2026-03-13 10:30:24+00:00,"Elkins Park, Montgomery County",True,Ivy Exec,3.6167,347846.032258,347846.032258,347846.032258,0.0,Senior,Friday,True
gb,IT Support Technician - hybrid,35000.0,39000.0,full_time,IT,2026-03-26 16:24:19+00:00,"London, UK",False,Eligo Recruitment,4.8935,171272.5,190846.50000000003,181059.5,11.428571428571447,Not Specified,Thursday,True
gb,IT Administrator,31760.67,31760.67,full_time,IT,2025-10-08 09:39:49+00:00,"Westminster, South West London",True,Reform UK,4.8935,155420.838645,155420.838645,155420.838645,0.0,Not Specified,Wednesday,True
pl,Join Our IT Talent Pool – Project Managers,,,full_time,IT,2026-02-26 01:56:42+00:00,Polska,False,emagine Polska,1.0,,,,,Not Specified,Thursday,False
us,"Residential Youth Caregiver - Relocation to Hershey, PA Required",84811.18,84811.18,full_time,Healthcare & Nursing Jobs,2025-10-03 01:19:55+00:00,"Spring Valley Lake, San Bernardino County",True,Milton Hershey School,3.6167,306736.59470599995,306736.59470599995,306736.59470599995,0.0,,Friday,True
us,$250/60min Paid Market Research Study for Head of IT in the IT Sector,79889.34,79889.34,Not specified,IT,2026-03-13 10:28:55+00:00,"Northlake, DeKalb County",True,Ivy Exec,3.6167,288935.77597799996,288935.77597799996,288935.77597799996,0.0,Senior,Friday,True
pl,Mid/ Senior Graphic Designer,108000.0,132000.0,full_time,IT,2026-03-25 02:03:20+00:00,"Rzeszów, podkarpackie",False,BIGGERB INTERACTIVE SP. Z O.O.,1.0,108000.0,132000.0,120000.0,22.22222222222222,Senior,Wednesday,True
pl,Content Marketing Specialist - IT,54000.0,96000.0,full_time,"PR, reklama, marketing",2026-04-03 03:12:26+00:00,"Lublin, lubelskie",False,Securivy - Bezpieczeństwo IT,1.0,54000.0,96000.0,75000.0,77.77777777777779,,Friday,True
gb,Risk IT Business Analyst,143000.0,156000.0,Not specified,IT,2026-03-29 23:50:57+00:00,"London, UK",False,Hays Specialist Recruitment Limited,4.8935,699770.5,763386.0000000001,731578.25,9.090909090909108,Not Specified,Sunday,True
us,$250/60min Paid Market Research Study for IT Director in the IT Sector,84502.77,84502.77,Not specified,IT,2026-03-13 10:30:23+00:00,"Hayes Valley, San Francisco",True,Ivy Exec,3.6167,305621.168259,305621.168259,305621.168259,0.0,Not Specified,Friday,True
us,Lead IT Systems Engineer - Public Sector,168325.88,168325.88,full_time,Engineering Jobs,2026-02-20 06:06:32+00:00,"Rexburg, Madison County",True,Lumen,3.6167,608784.2101959999,608784.2101959999,608784.2101959999,0.0,,Friday,True
gb,Mobile Vehicle Technician - South East,40170.0,44385.0,full_time,Engineering Jobs,2025-11-11 20:11:18+00:00,"Little Kimble, Aylesbury",False,RAC,4.8935,196571.89500000002,217197.99750000003,206884.94625000004,10.492905153099331,,Tuesday,True
us,Licensed Clinical Psychologist (Remote),117062.98,117062.98,Not specified,Healthcare & Nursing Jobs,2026-03-16 09:18:02+00:00,"Oildale, Kern County",True,Headway,3.6167,423381.67976599996,423381.67976599996,423381.67976599996,0.0,,Monday,True
us,Lead IT Systems Engineer - Public Sector,168991.12,168991.12,full_time,Engineering Jobs,2026-02-18 18:00:42+00:00,"Edwardsville, Madison County",True,Lumen,3.6167,611190.183704,611190.183704,611190.183704,0.0,,Wednesday,True
us,"House Parents - Relocation to Hershey, PA Required",75757.48,75757.48,full_time,Healthcare & Nursing Jobs,2025-10-03 01:18:27+00:00,"Ivins, Washington County",True,Milton Hershey School,3.6167,273992.077916,273992.077916,273992.077916,0.0,,Friday,True
us,LPN / LVN,39847.29,39847.29,full_time,Healthcare & Nursing Jobs,2026-02-28 19:52:49+00:00,"Crane, Crane County",True,Encompass Health Rehabilitation Hospital of Midland Odessa,3.6167,144115.69374299998,144115.69374299998,144115.69374299998,0.0,,Saturday,True
gb,IT Service Design & Transition Manager (IT/OT),77367.12,77367.12,full_time,IT,2026-03-11 10:29:46+00:00,"Edinburgh, Scotland",True,Sword Group,4.8935,378596.00172,378596.00172,378596.00172,0.0,Not Specified,Wednesday,True
gb,Decorator (Self-Employed),43356.0,43356.0,Not specified,Trade & Construction Jobs,2025-05-16 09:50:34+00:00,"Derry, Northern Ireland",True,MyJobQuote,4.8935,212162.586,212162.586,212162.586,0.0,,Friday,True
us,IT Project Manager,99177.68,99177.68,Not specified,IT,2026-04-01 19:06:32+00:00,"Bee Cave, Travis County",True,Neos Consulting,3.6167,358695.91525599995,358695.91525599995,358695.91525599995,0.0,Not Specified,Wednesday,True
us,Certified Registered Nurse Anesthetist (CRNA),65417.23,65417.23,Not specified,Healthcare & Nursing Jobs,2026-03-30 15:58:45+00:00,"Wescosville, Lehigh County",True,AMN Healthcare,3.6167,236594.495741,236594.495741,236594.495741,0.0,,Monday,True
pl,Architekt Rozwiązań IT @ Integral Solutions,480.0,912.0,full_time,IT,2026-03-28 01:46:15+00:00,"Warszawa, mazowieckie",False,Integral Solutions,1.0,5760.0,10944.0,8352.0,90.0,Not Specified,Saturday,True
gb,Delivery Driver - Luton,13.0,13.0,full_time,Logistics & Warehouse Jobs,2026-02-26 23:39:11+00:00,"Denner Hill, Great Missenden",False,Ocado Logistics,4.8935,763.3860000000001,763.3860000000001,763.3860000000001,0.0,,Thursday,True
